region,year,sector,value,country
,2010,GDP,"341100000000,00",THA
,2010,GDP,"0,00",CUW
,2010,GDP,"15900000000,00",AFG
,2017,GDP,"20800000000,00",AFG
,2010,Agriculture,"4134000000,00",AFG
,2017,Agriculture,"4368000000,00",AFG
,2010,Industry,"3339000000,00",AFG
,2017,Industry,"4576000000,00",AFG
,2010,Manufacturing,"1908000000,00",AFG
,2017,Manufacturing,"2288000000,00",AFG
,2010,Services(value added),"7806900000,00",AFG
,2017,Services(value added),"11024000000,00",AFG
,2010,GDP,"11900000000,00",ALB
,2017,GDP,"13000000000,00",ALB
,2010,Agriculture,"2142000000,00",ALB
,2017,Agriculture,"2470000000,00",ALB
,2010,Industry,"2975000000,00",ALB
,2017,Industry,"2730000000,00",ALB
,2010,Manufacturing,"595000000,00",ALB
,2017,Manufacturing,"780000000,00",ALB
,2010,Services(value added),"5236000000,00",ALB
,2017,Services(value added),"6149000000,00",ALB
,2010,GDP,"161200000000,00",DZA
,2017,GDP,"170400000000,00",DZA
,2010,Agriculture,"12896000000,00",DZA
,2017,Agriculture,"20448000000,00",DZA
,2010,Industry,"80600000000,00",DZA
,2017,Industry,"61344000000,00",DZA
,2010,Manufacturing,"8060000000,00",DZA
,2017,Manufacturing,"8520000000,00",DZA
,2010,Services(value added),"0,00",DZA
,2017,Services(value added),"75146400000,00",DZA
,2010,GDP,"600000000,00",ASM
,2017,GDP,"700000000,00",ASM
,2010,Agriculture,"0,00",ASM
,2017,Agriculture,"0,00",ASM
,2010,Industry,"0,00",ASM
,2017,Industry,"0,00",ASM
,2010,Manufacturing,"0,00",ASM
,2017,Manufacturing,"0,00",ASM
,2010,Services(value added),"0,00",ASM
,2017,Services(value added),"0,00",ASM
,2010,GDP,"3400000000,00",AND
,2017,GDP,"3000000000,00",AND
,2010,Agriculture,"0,00",AND
,2017,Agriculture,"0,00",AND
,2010,Industry,"442000000,00",AND
,2017,Industry,"300000000,00",AND
,2010,Manufacturing,"136000000,00",AND
,2017,Manufacturing,"90000000,00",AND
,2010,Services(value added),"2655400000,00",AND
,2017,Services(value added),"2376000000,00",AND
,2010,GDP,"1200000000,00",ATG
,2017,GDP,"1500000000,00",ATG
,2010,Agriculture,"24000000,00",ATG
,2017,Agriculture,"30000000,00",ATG
,2010,Industry,"192000000,00",ATG
,2017,Industry,"270000000,00",ATG
,2010,Manufacturing,"24000000,00",ATG
,2017,Manufacturing,"30000000,00",ATG
,2010,Services(value added),"852000000,00",ATG
,2017,Services(value added),"1038000000,00",ATG
,2010,GDP,"423600000000,00",ARG
,2017,GDP,"637600000000,00",ARG
,2010,Agriculture,"29652000000,00",ARG
,2017,Agriculture,"38256000000,00",ARG
,2010,Industry,"105900000000,00",ARG
,2017,Industry,"140272000000,00",ARG
,2010,Manufacturing,"67776000000,00",ARG
,2017,Manufacturing,"82888000000,00",ARG
,2010,Services(value added),"218154000000,00",ARG
,2017,Services(value added),"362794400000,00",ARG
,2010,GDP,"9300000000,00",ARM
,2017,GDP,"11500000000,00",ARM
,2010,Agriculture,"1581000000,00",ARM
,2017,Agriculture,"1725000000,00",ARM
,2010,Industry,"3069000000,00",ARM
SADC,2010,Industry,"0,00",AGO
,2017,Industry,"2875000000,00",ARM
,2010,Manufacturing,"930000000,00",ARM
,2017,Manufacturing,"1150000000,00",ARM
,2010,Services(value added),"3441000000,00",ARM
,2017,Services(value added),"5899500000,00",ARM
,2010,GDP,"2500000000,00",ABW
,2017,GDP,"0,00",ABW
,2010,Agriculture,"0,00",ABW
,2017,Agriculture,"0,00",ABW
,2010,Industry,"375000000,00",ABW
,2017,Industry,"0,00",ABW
,2010,Manufacturing,"100000000,00",ABW
,2017,Manufacturing,"0,00",ABW
,2010,Services(value added),"0,00",ABW
,2017,Services(value added),"0,00",ABW
,2010,GDP,"1144300000000,00",AUS
,2017,GDP,"1323400000000,00",AUS
,2010,Agriculture,"22886000000,00",AUS
,2017,Agriculture,"39702000000,00",AUS
,2010,Industry,"286075000000,00",AUS
,2017,Industry,"304382000000,00",AUS
,2010,Manufacturing,"91544000000,00",AUS
,2017,Manufacturing,"79404000000,00",AUS
,2010,Services(value added),"752949400000,00",AUS
,2017,Services(value added),"886678000000,00",AUS
,2010,GDP,"391900000000,00",AUT
,2017,GDP,"416600000000,00",AUT
,2010,Agriculture,"3919000000,00",AUT
,2017,Agriculture,"4166000000,00",AUT
,2010,Industry,"101894000000,00",AUT
,2017,Industry,"104150000000,00",AUT
,2010,Manufacturing,"62704000000,00",AUT
,2017,Manufacturing,"70822000000,00",AUT
,2010,Services(value added),"244153700000,00",AUT
,2017,Services(value added),"261624800000,00",AUT
,2010,GDP,"52900000000,00",AZE
,2017,GDP,"40700000000,00",AZE
,2010,Agriculture,"3174000000,00",AZE
,2017,Agriculture,"2442000000,00",AZE
,2010,Industry,"31740000000,00",AZE
,2017,Industry,"20350000000,00",AZE
,2010,Manufacturing,"2645000000,00",AZE
,2017,Manufacturing,"2035000000,00",AZE
,2010,Services(value added),"14759100000,00",AZE
,2017,Services(value added),"15262500000,00",AZE
,2010,GDP,"10100000000,00",BHS
,2017,GDP,"12200000000,00",BHS
,2010,Agriculture,"101000000,00",BHS
,2017,Agriculture,"122000000,00",BHS
,2010,Industry,"1111000000,00",BHS
,2017,Industry,"1586000000,00",BHS
,2010,Manufacturing,"202000000,00",BHS
,2017,Manufacturing,"366000000,00",BHS
,2010,Services(value added),"8191100000,00",BHS
,2017,Services(value added),"9137800000,00",BHS
,2010,GDP,"25700000000,00",BHR
,2017,GDP,"35300000000,00",BHR
,2010,Agriculture,"0,00",BHR
,2017,Agriculture,"0,00",BHR
,2010,Industry,"11565000000,00",BHR
,2017,Industry,"14473000000,00",BHR
,2010,Manufacturing,"3598000000,00",BHR
,2017,Manufacturing,"6707000000,00",BHR
,2010,Services(value added),"13800900000,00",BHR
,2017,Services(value added),"20121000000,00",BHR
,2010,GDP,"115300000000,00",BGD
,2017,GDP,"249700000000,00",BGD
,2010,Agriculture,"19601000000,00",BGD
,2017,Agriculture,"32461000000,00",BGD
,2010,Industry,"28825000000,00",BGD
,2017,Industry,"69916000000,00",BGD
,2010,Manufacturing,"18448000000,00",BGD
,2017,Manufacturing,"42449000000,00",BGD
,2010,Services(value added),"61685500000,00",BGD
,2017,Services(value added),"133589500000,00",BGD
,2010,GDP,"4500000000,00",BRB
,2017,GDP,"4800000000,00",BRB
,2010,Agriculture,"45000000,00",BRB
,2017,Agriculture,"48000000,00",BRB
,2010,Industry,"630000000,00",BRB
,2017,Industry,"624000000,00",BRB
,2010,Manufacturing,"270000000,00",BRB
,2017,Manufacturing,"240000000,00",BRB
,2010,Services(value added),"3352500000,00",BRB
,2017,Services(value added),"3595200000,00",BRB
,2010,GDP,"57200000000,00",BLR
,2017,GDP,"54400000000,00",BLR
,2010,Agriculture,"5148000000,00",BLR
,2017,Agriculture,"4352000000,00",BLR
,2010,Industry,"20020000000,00",BLR
,2017,Industry,"17408000000,00",BLR
,2010,Manufacturing,"13156000000,00",BLR
,2017,Manufacturing,"11968000000,00",BLR
,2010,Services(value added),"24882000000,00",BLR
,2017,Services(value added),"25513600000,00",BLR
,2010,GDP,"483500000000,00",BEL
,2017,GDP,"492700000000,00",BEL
,2010,Agriculture,"4835000000,00",BEL
,2017,Agriculture,"4927000000,00",BEL
,2010,Industry,"101535000000,00",BEL
,2017,Industry,"98540000000,00",BEL
,2010,Manufacturing,"62855000000,00",BEL
,2017,Manufacturing,"64051000000,00",BEL
,2010,Services(value added),"328296500000,00",BEL
,2017,Services(value added),"338977600000,00",BEL
,2010,GDP,"1400000000,00",BLZ
,2017,GDP,"1800000000,00",BLZ
,2010,Agriculture,"154000000,00",BLZ
,2017,Agriculture,"198000000,00",BLZ
,2010,Industry,"266000000,00",BLZ
,2017,Industry,"252000000,00",BLZ
,2010,Manufacturing,"168000000,00",BLZ
,2017,Manufacturing,"108000000,00",BLZ
,2010,Services(value added),"851200000,00",BLZ
,2017,Services(value added),"1051200000,00",BLZ
,2010,GDP,"7000000000,00",BEN
,2017,GDP,"9300000000,00",BEN
,2010,Agriculture,"1610000000,00",BEN
,2017,Agriculture,"2046000000,00",BEN
,2010,Industry,"1540000000,00",BEN
,2017,Industry,"1953000000,00",BEN
,2010,Manufacturing,"980000000,00",BEN
,2017,Manufacturing,"1116000000,00",BEN
,2010,Services(value added),"3129000000,00",BEN
,2017,Services(value added),"4361700000,00",BEN
,2010,GDP,"5700000000,00",BMU
,2017,GDP,"0,00",BMU
,2010,Agriculture,"57000000,00",BMU
,2017,Agriculture,"0,00",BMU
,2010,Industry,"456000000,00",BMU
,2017,Industry,"0,00",BMU
,2010,Manufacturing,"57000000,00",BMU
,2017,Manufacturing,"0,00",BMU
,2010,Services(value added),"0,00",BMU
,2017,Services(value added),"0,00",BMU
,2010,GDP,"1600000000,00",BTN
,2017,GDP,"2500000000,00",BTN
,2010,Agriculture,"272000000,00",BTN
,2017,Agriculture,"375000000,00",BTN
,2010,Industry,"688000000,00",BTN
,2017,Industry,"975000000,00",BTN
,2010,Manufacturing,"144000000,00",BTN
,2017,Manufacturing,"175000000,00",BTN
,2010,Services(value added),"582400000,00",BTN
,2017,Services(value added),"982500000,00",BTN
,2010,GDP,"19600000000,00",BOL
,2017,GDP,"37500000000,00",BOL
,2010,Agriculture,"1960000000,00",BOL
,2017,Agriculture,"4500000000,00",BOL
,2010,Industry,"5880000000,00",BOL
,2017,Industry,"9750000000,00",BOL
,2010,Manufacturing,"2156000000,00",BOL
,2017,Manufacturing,"3750000000,00",BOL
,2010,Services(value added),"8545600000,00",BOL
,2017,Services(value added),"18262500000,00",BOL
,2010,GDP,"17200000000,00",BIH
,2017,GDP,"18200000000,00",BIH
,2010,Agriculture,"1204000000,00",BIH
,2017,Agriculture,"1092000000,00",BIH
,2010,Industry,"3784000000,00",BIH
,2017,Industry,"4186000000,00",BIH
,2010,Manufacturing,"1892000000,00",BIH
,2017,Manufacturing,"2366000000,00",BIH
,2010,Services(value added),"9563200000,00",BIH
,2017,Services(value added),"10155600000,00",BIH
,2010,GDP,"2208900000000,00",BRA
,2017,GDP,"2055500000000,00",BRA
,2010,Agriculture,"88356000000,00",BRA
,2017,Agriculture,"102775000000,00",BRA
,2010,Industry,"508047000000,00",BRA
,2017,Industry,"369990000000,00",BRA
,2010,Manufacturing,"287157000000,00",BRA
,2017,Manufacturing,"205550000000,00",BRA
,2010,Services(value added),"1272326400000,00",BRA
,2017,Services(value added),"1297020500000,00",BRA
,2010,GDP,"13700000000,00",BRN
,2017,GDP,"12100000000,00",BRN
,2010,Agriculture,"137000000,00",BRN
,2017,Agriculture,"121000000,00",BRN
,2010,Industry,"9453000000,00",BRN
,2017,Industry,"7260000000,00",BRN
,2010,Manufacturing,"2055000000,00",BRN
,2017,Manufacturing,"1573000000,00",BRN
,2010,Services(value added),"4192200000,00",BRN
,2017,Services(value added),"4948900000,00",BRN
,2010,GDP,"50600000000,00",BGR
,2017,GDP,"56800000000,00",BGR
,2010,Agriculture,"2024000000,00",BGR
,2017,Agriculture,"2272000000,00",BGR
,2010,Industry,"12144000000,00",BGR
,2017,Industry,"14200000000,00",BGR
,2010,Manufacturing,"6072000000,00",BGR
,2017,Manufacturing,"7952000000,00",BGR
,2010,Services(value added),"29854000000,00",BGR
,2017,Services(value added),"33114400000,00",BGR
,2010,GDP,"9000000000,00",BFA
,2017,GDP,"12900000000,00",BFA
,2010,Agriculture,"2970000000,00",BFA
,2017,Agriculture,"3612000000,00",BFA
,2010,Industry,"1890000000,00",BFA
,2017,Industry,"2709000000,00",BFA
,2010,Manufacturing,"630000000,00",BFA
,2017,Manufacturing,"774000000,00",BFA
,2010,Services(value added),"3492000000,00",BFA
,2017,Services(value added),"5418000000,00",BFA
,2010,GDP,"2000000000,00",BDI
,2017,GDP,"3500000000,00",BDI
,2010,Agriculture,"740000000,00",BDI
,2017,Agriculture,"1260000000,00",BDI
,2010,Industry,"300000000,00",BDI
,2017,Industry,"525000000,00",BDI
,2010,Manufacturing,"180000000,00",BDI
,2017,Manufacturing,"315000000,00",BDI
,2010,Services(value added),"0,00",BDI
,2017,Services(value added),"0,00",BDI
,2010,GDP,"1700000000,00",CPV
,2017,GDP,"1800000000,00",CPV
,2010,Agriculture,"136000000,00",CPV
,2017,Agriculture,"108000000,00",CPV
,2010,Industry,"306000000,00",CPV
,2017,Industry,"342000000,00",CPV
,2010,Manufacturing,"85000000,00",CPV
,2017,Manufacturing,"144000000,00",CPV
,2010,Services(value added),"1040400000,00",CPV
,2017,Services(value added),"1103400000,00",CPV
,2010,GDP,"11200000000,00",KHM
,2017,GDP,"22200000000,00",KHM
,2010,Agriculture,"3808000000,00",KHM
,2017,Agriculture,"5106000000,00",KHM
,2010,Industry,"2464000000,00",KHM
,2017,Industry,"6882000000,00",KHM
,2010,Manufacturing,"1680000000,00",KHM
,2017,Manufacturing,"3552000000,00",KHM
,2010,Services(value added),"4289600000,00",KHM
,2017,Services(value added),"8813400000,00",KHM
,2010,GDP,"26100000000,00",CMR
,2017,GDP,"34800000000,00",CMR
,2010,Agriculture,"3654000000,00",CMR
,2017,Agriculture,"5220000000,00",CMR
,2010,Industry,"7047000000,00",CMR
,2017,Industry,"8352000000,00",CMR
,2010,Manufacturing,"3654000000,00",CMR
,2017,Manufacturing,"5220000000,00",CMR
,2010,Services(value added),"13598100000,00",CMR
,2017,Services(value added),"18339600000,00",CMR
,2010,GDP,"1613500000000,00",CAN
,2017,GDP,"1653000000000,00",CAN
,2010,Agriculture,"16135000000,00",CAN
,2017,Agriculture,"0,00",CAN
,2010,Industry,"435645000000,00",CAN
,2017,Industry,"0,00",CAN
,2010,Manufacturing,"161350000000,00",CAN
,2017,Manufacturing,"0,00",CAN
,2010,Services(value added),"1056842500000,00",CAN
,2017,Services(value added),"0,00",CAN
,2010,GDP,"0,00",CYM
,2017,GDP,"0,00",CYM
,2010,Agriculture,"0,00",CYM
,2017,Agriculture,"0,00",CYM
,2010,Industry,"0,00",CYM
,2017,Industry,"0,00",CYM
,2010,Manufacturing,"0,00",CYM
,2017,Manufacturing,"0,00",CYM
,2010,Services(value added),"0,00",CYM
,2017,Services(value added),"0,00",CYM
,2010,GDP,"2000000000,00",CAF
,2017,GDP,"1900000000,00",CAF
,2010,Agriculture,"1000000000,00",CAF
,2017,Agriculture,"760000000,00",CAF
,2010,Industry,"260000000,00",CAF
,2017,Industry,"285000000,00",CAF
,2010,Manufacturing,"120000000,00",CAF
,2017,Manufacturing,"133000000,00",CAF
,2010,Services(value added),"594000000,00",CAF
,2017,Services(value added),"746700000,00",CAF
,2010,GDP,"10700000000,00",TCD
,2017,GDP,"10000000000,00",TCD
,2010,Agriculture,"5564000000,00",TCD
,2017,Agriculture,"4900000000,00",TCD
,2010,Industry,"1284000000,00",TCD
,2017,Industry,"1500000000,00",TCD
,2010,Manufacturing,"107000000,00",TCD
,2017,Manufacturing,"300000000,00",TCD
,2010,Services(value added),"3573800000,00",TCD
,2017,Services(value added),"3350000000,00",TCD
,2010,GDP,"0,00", Channel Islands
,2017,GDP,"0,00", Channel Islands
,2010,Agriculture,"0,00", Channel Islands
,2017,Agriculture,"0,00", Channel Islands
,2010,Industry,"0,00", Channel Islands
,2017,Industry,"0,00", Channel Islands
,2010,Manufacturing,"0,00", Channel Islands
,2017,Manufacturing,"0,00", Channel Islands
,2010,Services(value added),"0,00", Channel Islands
,2017,Services(value added),"0,00", Channel Islands
,2010,GDP,"218500000000,00",CHL
,2017,GDP,"277100000000,00",CHL
,2010,Agriculture,"8740000000,00",CHL
,2017,Agriculture,"11084000000,00",CHL
,2010,Industry,"78660000000,00",CHL
,2017,Industry,"83130000000,00",CHL
,2010,Manufacturing,"24035000000,00",CHL
,2017,Manufacturing,"27710000000,00",CHL
,2010,Services(value added),"115368000000,00",CHL
,2017,Services(value added),"159609600000,00",CHL
,2010,GDP,"6100600000000,00",CHN
,2017,GDP,"12237700000000,00",CHN
,2010,Agriculture,"610060000000,00",CHN
,2017,Agriculture,"979016000000,00",CHN
,2010,Industry,"2806276000000,00",CHN
,2017,Industry,"4895080000000,00",CHN
,2010,Manufacturing,"1952192000000,00",CHN
,2017,Manufacturing,"3548933000000,00",CHN
,2010,Services(value added),"2690364600000,00",CHN
,2017,Services(value added),"6314653200000,00",CHN
,2010,GDP,"228600000000,00",HKG
,2017,GDP,"341400000000,00",HKG
,2010,Agriculture,"0,00",HKG
,2017,Agriculture,"0,00",HKG
,2010,Industry,"16002000000,00",HKG
,2017,Industry,"23898000000,00",HKG
,2010,Manufacturing,"4572000000,00",HKG
,2017,Manufacturing,"3414000000,00",HKG
,2010,Services(value added),"207797400000,00",HKG
,2017,Services(value added),"305553000000,00",HKG
,2010,GDP,"28100000000,00",MAC
,2017,GDP,"50400000000,00",MAC
,2010,Agriculture,"0,00",MAC
,2017,Agriculture,"0,00",MAC
,2010,Industry,"1405000000,00",MAC
,2017,Industry,"3528000000,00",MAC
,2010,Manufacturing,"281000000,00",MAC
,2017,Manufacturing,"504000000,00",MAC
,2010,Services(value added),"26526400000,00",MAC
,2017,Services(value added),"46620000000,00",MAC
,2010,GDP,"287000000000,00",COL
,2017,GDP,"309200000000,00",COL
,2010,Agriculture,"20090000000,00",COL
,2017,Agriculture,"18552000000,00",COL
,2010,Industry,"91840000000,00",COL
,2017,Industry,"89668000000,00",COL
,2010,Manufacturing,"37310000000,00",COL
,2017,Manufacturing,"34012000000,00",COL
,2010,Services(value added),"152397000000,00",COL
,2017,Services(value added),"172224400000,00",COL
,2010,GDP,"500000000,00",COM
,2017,GDP,"600000000,00",COM
,2010,Agriculture,"200000000,00",COM
,2017,Agriculture,"204000000,00",COM
,2010,Industry,"60000000,00",COM
,2017,Industry,"66000000,00",COM
,2010,Manufacturing,"25000000,00",COM
,2017,Manufacturing,"48000000,00",COM
,2010,Services(value added),"243000000,00",COM
,2017,Services(value added),"334200000,00",COM
,2010,GDP,"12000000000,00",COG
,2017,GDP,"8700000000,00",COG
,2010,Agriculture,"480000000,00",COG
,2017,Agriculture,"609000000,00",COG
,2010,Industry,"9000000000,00",COG
,2017,Industry,"4698000000,00",COG
,2010,Manufacturing,"480000000,00",COG
,2017,Manufacturing,"696000000,00",COG
,2010,Services(value added),"2496000000,00",COG
,2017,Services(value added),"3349500000,00",COG
,2010,GDP,"37300000000,00",CRI
,2017,GDP,"57100000000,00",CRI
,2010,Agriculture,"2611000000,00",CRI
,2017,Agriculture,"2855000000,00",CRI
,2010,Industry,"8579000000,00",CRI
,2017,Industry,"10849000000,00",CRI
,2010,Manufacturing,"5222000000,00",CRI
,2017,Manufacturing,"6852000000,00",CRI
,2010,Services(value added),"23051400000,00",CRI
,2017,Services(value added),"38999300000,00",CRI
,2010,GDP,"24900000000,00",CIV
,2017,GDP,"40400000000,00",CIV
,2010,Agriculture,"6225000000,00",CIV
,2017,Agriculture,"8080000000,00",CIV
,2010,Industry,"5478000000,00",CIV
,2017,Industry,"10908000000,00",CIV
,2010,Manufacturing,"3237000000,00",CIV
,2017,Manufacturing,"5252000000,00",CIV
,2010,Services(value added),"13221900000,00",CIV
,2017,Services(value added),"16806400000,00",CIV
,2010,GDP,"59800000000,00",HRV
,2017,GDP,"54800000000,00",HRV
,2010,Agriculture,"2392000000,00",HRV
,2017,Agriculture,"1644000000,00",HRV
,2010,Industry,"13754000000,00",HRV
,2017,Industry,"12056000000,00",HRV
,2010,Manufacturing,"7176000000,00",HRV
,2017,Manufacturing,"7124000000,00",HRV
,2010,Services(value added),"35102600000,00",HRV
,2017,Services(value added),"32058000000,00",HRV
,2010,GDP,"64300000000,00",CUB
,2017,GDP,"87100000000,00",CUB
,2010,Agriculture,"2572000000,00",CUB
,2017,Agriculture,"3484000000,00",CUB
,2010,Industry,"14789000000,00",CUB
,2017,Industry,"19162000000,00",CUB
,2010,Manufacturing,"9645000000,00",CUB
,2017,Manufacturing,"12194000000,00",CUB
,2010,Services(value added),"0,00",CUB
,2017,Services(value added),"0,00",CUB
,2017,GDP,"0,00",CUW
,2010,Agriculture,"0,00",CUW
,2017,Agriculture,"0,00",CUW
,2010,Industry,"0,00",CUW
,2017,Industry,"0,00",CUW
,2010,Manufacturing,"0,00",CUW
,2017,Manufacturing,"0,00",CUW
,2010,Services(value added),"0,00",CUW
,2017,Services(value added),"0,00",CUW
,2010,GDP,"25600000000,00",CYP
,2017,GDP,"21700000000,00",CYP
,2010,Agriculture,"512000000,00",CYP
,2017,Agriculture,"434000000,00",CYP
,2010,Industry,"3840000000,00",CYP
,2017,Industry,"2170000000,00",CYP
,2010,Manufacturing,"1280000000,00",CYP
,2017,Manufacturing,"868000000,00",CYP
,2010,Services(value added),"18252800000,00",CYP
,2017,Services(value added),"16426900000,00",CYP
,2010,GDP,"207500000000,00",CZE
,2017,GDP,"215700000000,00",CZE
,2010,Agriculture,"4150000000,00",CZE
,2017,Agriculture,"4314000000,00",CZE
,2010,Industry,"68475000000,00",CZE
,2017,Industry,"71181000000,00",CZE
,2010,Manufacturing,"43575000000,00",CZE
,2017,Manufacturing,"51768000000,00",CZE
,2010,Services(value added),"115370000000,00",CZE
,2017,Services(value added),"116909400000,00",CZE
,2010,GDP,"322000000000,00",DNK
,2017,GDP,"324900000000,00",DNK
,2010,Agriculture,"3220000000,00",DNK
,2017,Agriculture,"3249000000,00",DNK
,2010,Industry,"64400000000,00",DNK
,2017,Industry,"64980000000,00",DNK
,2010,Manufacturing,"35420000000,00",DNK
,2017,Manufacturing,"42237000000,00",DNK
,2010,Services(value added),"210588000000,00",DNK
,2017,Services(value added),"214109100000,00",DNK
,2010,GDP,"1100000000,00",DJI
,2017,GDP,"1800000000,00",DJI
,2010,Agriculture,"0,00",DJI
,2017,Agriculture,"36000000,00",DJI
,2010,Industry,"0,00",DJI
,2017,Industry,"288000000,00",DJI
,2010,Manufacturing,"0,00",DJI
,2017,Manufacturing,"72000000,00",DJI
,2010,Services(value added),"0,00",DJI
,2017,Services(value added),"1294200000,00",DJI
,2010,GDP,"500000000,00",DMA
,2017,GDP,"600000000,00",DMA
,2010,Agriculture,"55000000,00",DMA
,2017,Agriculture,"96000000,00",DMA
,2010,Industry,"60000000,00",DMA
,2017,Industry,"72000000,00",DMA
,2010,Manufacturing,"10000000,00",DMA
,2017,Manufacturing,"12000000,00",DMA
,2010,Services(value added),"301500000,00",DMA
,2017,Services(value added),"348000000,00",DMA
,2010,GDP,"54000000000,00",DOM
,2017,GDP,"75900000000,00",DOM
,2010,Agriculture,"3240000000,00",DOM
,2017,Agriculture,"4554000000,00",DOM
,2010,Industry,"14040000000,00",DOM
,2017,Industry,"18975000000,00",DOM
,2010,Manufacturing,"8100000000,00",DOM
,2017,Manufacturing,"9867000000,00",DOM
,2010,Services(value added),"33156000000,00",DOM
,2017,Services(value added),"47058000000,00",DOM
,2010,GDP,"69600000000,00",ECU
,2017,GDP,"103100000000,00",ECU
,2010,Agriculture,"6960000000,00",ECU
,2017,Agriculture,"9279000000,00",ECU
,2010,Industry,"24360000000,00",ECU
,2017,Industry,"31961000000,00",ECU
,2010,Manufacturing,"7656000000,00",ECU
,2017,Manufacturing,"9279000000,00",ECU
,2010,Services(value added),"35565600000,00",ECU
,2017,Services(value added),"53715100000,00",ECU
,2010,GDP,"218900000000,00",EGY
,2017,GDP,"235400000000,00",EGY
,2010,Agriculture,"28457000000,00",EGY
,2017,Agriculture,"25894000000,00",EGY
,2010,Industry,"78804000000,00",EGY
,2017,Industry,"80036000000,00",EGY
,2010,Manufacturing,"35024000000,00",EGY
,2017,Manufacturing,"37664000000,00",EGY
,2010,Services(value added),"0,00",EGY
,2017,Services(value added),"0,00",EGY
,2010,GDP,"18400000000,00",SLV
,2017,GDP,"24800000000,00",SLV
,2010,Agriculture,"1288000000,00",SLV
,2017,Agriculture,"1488000000,00",SLV
,2010,Industry,"4600000000,00",SLV
,2017,Industry,"6200000000,00",SLV
,2010,Manufacturing,"2944000000,00",SLV
,2017,Manufacturing,"3968000000,00",SLV
,2010,Services(value added),"10948000000,00",SLV
,2017,Services(value added),"14880000000,00",SLV
,2010,GDP,"16300000000,00",GNQ
,2017,GDP,"12500000000,00",GNQ
,2010,Agriculture,"163000000,00",GNQ
,2017,Agriculture,"250000000,00",GNQ
,2010,Industry,"12225000000,00",GNQ
,2017,Industry,"7000000000,00",GNQ
,2010,Manufacturing,"3423000000,00",GNQ
,2017,Manufacturing,"3125000000,00",GNQ
,2010,Services(value added),"3895700000,00",GNQ
,2017,Services(value added),"5087500000,00",GNQ
,2010,GDP,"2100000000,00",ERI
,2017,GDP,"0,00",ERI
,2010,Agriculture,"294000000,00",ERI
,2017,Agriculture,"0,00",ERI
,2010,Industry,"462000000,00",ERI
,2017,Industry,"0,00",ERI
,2010,Manufacturing,"105000000,00",ERI
,2017,Manufacturing,"0,00",ERI
,2010,Services(value added),"0,00",ERI
,2017,Services(value added),"0,00",ERI
,2010,GDP,"19500000000,00",EST
,2017,GDP,"25900000000,00",EST
,2010,Agriculture,"585000000,00",EST
,2017,Agriculture,"518000000,00",EST
,2010,Industry,"4680000000,00",EST
,2017,Industry,"6216000000,00",EST
,2010,Manufacturing,"2730000000,00",EST
,2017,Manufacturing,"3367000000,00",EST
,2010,Services(value added),"11739000000,00",EST
,2017,Services(value added),"15643600000,00",EST
,2010,GDP,"29900000000,00",ETH
,2017,GDP,"80600000000,00",ETH
,2010,Agriculture,"12259000000,00",ETH
,2017,Agriculture,"27404000000,00",ETH
,2010,Industry,"2691000000,00",ETH
,2017,Industry,"18538000000,00",ETH
,2010,Manufacturing,"1196000000,00",ETH
,2017,Manufacturing,"4836000000,00",ETH
,2010,Services(value added),"12498200000,00",ETH
,2017,Services(value added),"29741400000,00",ETH
,2010,GDP,"2300000000,00",FRO
,2017,GDP,"2500000000,00",FRO
,2010,Agriculture,"0,00",FRO
,2017,Agriculture,"0,00",FRO
,2010,Industry,"0,00",FRO
,2017,Industry,"0,00",FRO
,2010,Manufacturing,"138000000,00",FRO
,2017,Manufacturing,"0,00",FRO
,2010,Services(value added),"0,00",FRO
,2017,Services(value added),"0,00",FRO
,2010,GDP,"3100000000,00",FJI
,2017,GDP,"5100000000,00",FJI
,2010,Agriculture,"279000000,00",FJI
,2017,Agriculture,"561000000,00",FJI
,2010,Industry,"527000000,00",FJI
,2017,Industry,"714000000,00",FJI
,2010,Manufacturing,"372000000,00",FJI
,2017,Manufacturing,"510000000,00",FJI
,2010,Services(value added),"1782500000,00",FJI
,2017,Services(value added),"2876400000,00",FJI
,2010,GDP,"247800000000,00",FIN
,2017,GDP,"251900000000,00",FIN
,2010,Agriculture,"4956000000,00",FIN
,2017,Agriculture,"5038000000,00",FIN
,2010,Industry,"64428000000,00",FIN
,2017,Industry,"60456000000,00",FIN
,2010,Manufacturing,"42126000000,00",FIN
,2017,Manufacturing,"37785000000,00",FIN
,2010,Services(value added),"145954200000,00",FIN
,2017,Services(value added),"151391900000,00",FIN
,2010,GDP,"2642600000000,00",FRA
,2017,GDP,"2582500000000,00",FRA
,2010,Agriculture,"52852000000,00",FRA
,2017,Agriculture,"51650000000,00",FRA
,2010,Industry,"475668000000,00",FRA
,2017,Industry,"439025000000,00",FRA
,2010,Manufacturing,"264260000000,00",FRA
,2017,Manufacturing,"258250000000,00",FRA
,2010,Services(value added),"1868318200000,00",FRA
,2017,Services(value added),"1812915000000,00",FRA
,2010,GDP,"0,00",PYF
,2017,GDP,"0,00",PYF
,2010,Agriculture,"0,00",PYF
,2017,Agriculture,"0,00",PYF
,2010,Industry,"0,00",PYF
,2017,Industry,"0,00",PYF
,2010,Manufacturing,"0,00",PYF
,2017,Manufacturing,"0,00",PYF
,2010,Services(value added),"0,00",PYF
,2017,Services(value added),"0,00",PYF
,2010,GDP,"14400000000,00",GAB
,2017,GDP,"14600000000,00",GAB
,2010,Agriculture,"576000000,00",GAB
,2017,Agriculture,"876000000,00",GAB
,2010,Industry,"7920000000,00",GAB
,2017,Industry,"6570000000,00",GAB
,2010,Manufacturing,"576000000,00",GAB
,2017,Manufacturing,"1022000000,00",GAB
,2010,Services(value added),"4838400000,00",GAB
,2017,Services(value added),"6278000000,00",GAB
,2010,GDP,"1000000000,00",GMB
,2017,GDP,"1000000000,00",GMB
,2010,Agriculture,"290000000,00",GMB
,2017,Agriculture,"170000000,00",GMB
,2010,Industry,"120000000,00",GMB
,2017,Industry,"120000000,00",GMB
,2010,Manufacturing,"50000000,00",GMB
,2017,Manufacturing,"50000000,00",GMB
,2010,Services(value added),"531000000,00",GMB
,2017,Services(value added),"658000000,00",GMB
,2010,GDP,"11600000000,00",GEO
,2017,GDP,"15200000000,00",GEO
,2010,Agriculture,"812000000,00",GEO
,2017,Agriculture,"1064000000,00",GEO
,2010,Industry,"2204000000,00",GEO
,2017,Industry,"3344000000,00",GEO
,2010,Manufacturing,"1276000000,00",GEO
,2017,Manufacturing,"1672000000,00",GEO
,2010,Services(value added),"6983200000,00",GEO
,2017,Services(value added),"8603200000,00",GEO
,2010,GDP,"3417100000000,00",DEU
,2017,GDP,"3677400000000,00",DEU
,2010,Agriculture,"34171000000,00",DEU
,2017,Agriculture,"36774000000,00",DEU
,2010,Industry,"922617000000,00",DEU
,2017,Industry,"1029672000000,00",DEU
,2010,Manufacturing,"683420000000,00",DEU
,2017,Manufacturing,"772254000000,00",DEU
,2010,Services(value added),"2125436200000,00",DEU
,2017,Services(value added),"2276310600000,00",DEU
,2010,GDP,"32200000000,00",GHA
,2017,GDP,"47300000000,00",GHA
,2010,Agriculture,"9016000000,00",GHA
,2017,Agriculture,"8041000000,00",GHA
,2010,Industry,"5796000000,00",GHA
,2017,Industry,"11352000000,00",GHA
,2010,Manufacturing,"1932000000,00",GHA
,2017,Manufacturing,"1892000000,00",GHA
,2010,Services(value added),"15520400000,00",GHA
,2017,Services(value added),"24690600000,00",GHA
,2010,GDP,"299400000000,00",GRC
,2017,GDP,"200300000000,00",GRC
,2010,Agriculture,"8982000000,00",GRC
,2017,Agriculture,"8012000000,00",GRC
,2010,Industry,"41916000000,00",GRC
,2017,Industry,"30045000000,00",GRC
,2010,Manufacturing,"20958000000,00",GRC
,2017,Manufacturing,"18027000000,00",GRC
,2010,Services(value added),"214370400000,00",GRC
,2017,Services(value added),"138006700000,00",GRC
,2010,GDP,"2500000000,00",GRL
,2017,GDP,"2700000000,00",GRL
,2010,Agriculture,"325000000,00",GRL
,2017,Agriculture,"513000000,00",GRL
,2010,Industry,"375000000,00",GRL
,2017,Industry,"351000000,00",GRL
,2010,Manufacturing,"75000000,00",GRL
,2017,Manufacturing,"54000000,00",GRL
,2010,Services(value added),"1720000000,00",GRL
,2017,Services(value added),"1755000000,00",GRL
,2010,GDP,"800000000,00",GRD
,2017,GDP,"1100000000,00",GRD
,2010,Agriculture,"40000000,00",GRD
,2017,Agriculture,"66000000,00",GRD
,2010,Industry,"120000000,00",GRD
,2017,Industry,"143000000,00",GRD
,2010,Manufacturing,"24000000,00",GRD
,2017,Manufacturing,"33000000,00",GRD
,2010,Services(value added),"547200000,00",GRD
,2017,Services(value added),"728200000,00",GRD
,2010,GDP,"4900000000,00",GUM
,2017,GDP,"5800000000,00",GUM
,2010,Agriculture,"0,00",GUM
,2017,Agriculture,"0,00",GUM
,2010,Industry,"0,00",GUM
,2017,Industry,"0,00",GUM
,2010,Manufacturing,"0,00",GUM
,2017,Manufacturing,"0,00",GUM
,2010,Services(value added),"0,00",GUM
,2017,Services(value added),"0,00",GUM
,2010,GDP,"41300000000,00",GTM
,2017,GDP,"75600000000,00",GTM
,2010,Agriculture,"4543000000,00",GTM
,2017,Agriculture,"7560000000,00",GTM
,2010,Industry,"11151000000,00",GTM
,2017,Industry,"18900000000,00",GTM
,2010,Manufacturing,"7847000000,00",GTM
,2017,Manufacturing,"13608000000,00",GTM
,2010,Services(value added),"24160500000,00",GTM
,2017,Services(value added),"46947600000,00",GTM
,2010,GDP,"7000000000,00",GIN
,2017,GDP,"10500000000,00",GIN
,2010,Agriculture,"1190000000,00",GIN
,2017,Agriculture,"1680000000,00",GIN
,2010,Industry,"2240000000,00",GIN
,2017,Industry,"3465000000,00",GIN
,2010,Manufacturing,"770000000,00",GIN
,2017,Manufacturing,"1155000000,00",GIN
,2010,Services(value added),"3108000000,00",GIN
,2017,Services(value added),"4273500000,00",GIN
,2010,GDP,"900000000,00",GNB
,2017,GDP,"1300000000,00",GNB
,2010,Agriculture,"405000000,00",GNB
,2017,Agriculture,"637000000,00",GNB
,2010,Industry,"117000000,00",GNB
,2017,Industry,"169000000,00",GNB
,2010,Manufacturing,"99000000,00",GNB
,2017,Manufacturing,"143000000,00",GNB
,2010,Services(value added),"354600000,00",GNB
,2017,Services(value added),"419900000,00",GNB
,2010,GDP,"2300000000,00",GUY
,2017,GDP,"3700000000,00",GUY
,2010,Agriculture,"368000000,00",GUY
,2017,Agriculture,"481000000,00",GUY
,2010,Industry,"713000000,00",GUY
,2017,Industry,"1295000000,00",GUY
,2010,Manufacturing,"138000000,00",GUY
,2017,Manufacturing,"222000000,00",GUY
,2010,Services(value added),"991300000,00",GUY
,2017,Services(value added),"1546600000,00",GUY
,2010,GDP,"6600000000,00",HTI
,2017,GDP,"8400000000,00",HTI
,2010,Agriculture,"1716000000,00",HTI
,2017,Agriculture,"1512000000,00",HTI
,2010,Industry,"2904000000,00",HTI
,2017,Industry,"4788000000,00",HTI
,2010,Manufacturing,"330000000,00",HTI
,2017,Manufacturing,"588000000,00",HTI
,2010,Services(value added),"1188000000,00",HTI
,2017,Services(value added),"1890000000,00",HTI
,2010,GDP,"15800000000,00",HND
,2017,GDP,"23000000000,00",HND
,2010,Agriculture,"1896000000,00",HND
,2017,Agriculture,"2990000000,00",HND
,2010,Industry,"4108000000,00",HND
,2017,Industry,"5980000000,00",HND
,2010,Manufacturing,"2686000000,00",HND
,2017,Manufacturing,"3910000000,00",HND
,2010,Services(value added),"8784800000,00",HND
,2017,Services(value added),"11891000000,00",HND
,2010,GDP,"130900000000,00",HUN
,2017,GDP,"139100000000,00",HUN
,2010,Agriculture,"3927000000,00",HUN
,2017,Agriculture,"4173000000,00",HUN
,2010,Industry,"32725000000,00",HUN
,2017,Industry,"36166000000,00",HUN
,2010,Manufacturing,"23562000000,00",HUN
,2017,Manufacturing,"27820000000,00",HUN
,2010,Services(value added),"73827600000,00",HUN
,2017,Services(value added),"76365900000,00",HUN
,2010,GDP,"13300000000,00",ISL
,2017,GDP,"23900000000,00",ISL
,2010,Agriculture,"931000000,00",ISL
,2017,Agriculture,"1195000000,00",ISL
,2010,Industry,"2926000000,00",ISL
,2017,Industry,"4780000000,00",ISL
,2010,Manufacturing,"1729000000,00",ISL
,2017,Manufacturing,"2151000000,00",ISL
,2010,Services(value added),"8019900000,00",ISL
,2017,Services(value added),"15057000000,00",ISL
,2010,GDP,"1656600000000,00",IND
,2017,GDP,"2597500000000,00",IND
,2010,Agriculture,"298188000000,00",IND
,2017,Agriculture,"389625000000,00",IND
,2010,Industry,"496980000000,00",IND
,2017,Industry,"675350000000,00",IND
,2010,Manufacturing,"265056000000,00",IND
,2017,Manufacturing,"389625000000,00",IND
,2010,Services(value added),"748783200000,00",IND
,2017,Services(value added),"1270177500000,00",IND
,2010,GDP,"755100000000,00",IDN
,2017,GDP,"1015500000000,00",IDN
,2010,Agriculture,"105714000000,00",IDN
,2017,Agriculture,"132015000000,00",IDN
,2010,Industry,"324693000000,00",IDN
,2017,Industry,"396045000000,00",IDN
,2010,Manufacturing,"166122000000,00",IDN
,2017,Manufacturing,"203100000000,00",IDN
,2010,Services(value added),"307325700000,00",IDN
,2017,Services(value added),"442758000000,00",IDN
,2010,GDP,"487100000000,00",IRN
,2017,GDP,"439500000000,00",IRN
,2010,Agriculture,"29226000000,00",IRN
,2017,Agriculture,"43950000000,00",IRN
,2010,Industry,"214324000000,00",IRN
,2017,Industry,"92295000000,00",IRN
,2010,Manufacturing,"63323000000,00",IRN
,2017,Manufacturing,"52740000000,00",IRN
,2010,Services(value added),"248908100000,00",IRN
,2017,Services(value added),"287433000000,00",IRN
,2010,GDP,"138500000000,00",IRQ
,2017,GDP,"197700000000,00",IRQ
,2010,Agriculture,"6925000000,00",IRQ
,2017,Agriculture,"9885000000,00",IRQ
,2010,Industry,"77560000000,00",IRQ
,2017,Industry,"83034000000,00",IRQ
,2010,Manufacturing,"2770000000,00",IRQ
,2017,Manufacturing,"3954000000,00",IRQ
,2010,Services(value added),"0,00",IRQ
,2017,Services(value added),"0,00",IRQ
,2010,GDP,"222000000000,00",IRL
,2017,GDP,"333700000000,00",IRL
,2010,Agriculture,"2220000000,00",IRL
,2017,Agriculture,"3337000000,00",IRL
,2010,Industry,"53280000000,00",IRL
,2017,Industry,"120132000000,00",IRL
,2010,Manufacturing,"44400000000,00",IRL
,2017,Manufacturing,"106784000000,00",IRL
,2010,Services(value added),"146520000000,00",IRL
,2017,Services(value added),"184536100000,00",IRL
,2010,GDP,"5900000000,00",IMN
,2017,GDP,"6800000000,00",IMN
,2010,Agriculture,"0,00",IMN
,2017,Agriculture,"0,00",IMN
,2010,Industry,"0,00",IMN
,2017,Industry,"0,00",IMN
,2010,Manufacturing,"0,00",IMN
,2017,Manufacturing,"0,00",IMN
,2010,Services(value added),"0,00",IMN
,2017,Services(value added),"0,00",IMN
,2010,GDP,"233600000000,00",ISR
,2017,GDP,"350900000000,00",ISR
,2010,Agriculture,"4672000000,00",ISR
,2017,Agriculture,"3509000000,00",ISR
,2010,Industry,"46720000000,00",ISR
,2017,Industry,"66671000000,00",ISR
,2010,Manufacturing,"32704000000,00",ISR
,2017,Manufacturing,"42108000000,00",ISR
,2010,Services(value added),"157212800000,00",ISR
,2017,Services(value added),"244928200000,00",ISR
,2010,GDP,"2125100000000,00",ITA
,2017,GDP,"1934800000000,00",ITA
,2010,Agriculture,"42502000000,00",ITA
,2017,Agriculture,"38696000000,00",ITA
,2010,Industry,"467522000000,00",ITA
,2017,Industry,"406308000000,00",ITA
,2010,Manufacturing,"297514000000,00",ITA
,2017,Manufacturing,"290220000000,00",ITA
,2010,Services(value added),"1408941300000,00",ITA
,2017,Services(value added),"1282772400000,00",ITA
,2010,GDP,"13200000000,00",JAM
,2017,GDP,"14800000000,00",JAM
,2010,Agriculture,"660000000,00",JAM
,2017,Agriculture,"888000000,00",JAM
,2010,Industry,"2376000000,00",JAM
,2017,Industry,"2812000000,00",JAM
,2010,Manufacturing,"1056000000,00",JAM
,2017,Manufacturing,"1184000000,00",JAM
,2010,Services(value added),"8778000000,00",JAM
,2017,Services(value added),"8865200000,00",JAM
,2010,GDP,"5700100000000,00",JPN
,2017,GDP,"4872100000000,00",JPN
,2010,Agriculture,"57001000000,00",JPN
,2017,Agriculture,"48721000000,00",JPN
,2010,Industry,"1596028000000,00",JPN
,2017,Industry,"1412909000000,00",JPN
,2010,Manufacturing,"1197021000000,00",JPN
,2017,Manufacturing,"1023141000000,00",JPN
,2010,Services(value added),"4001470200000,00",JPN
,2017,Services(value added),"3352004800000,00",JPN
,2010,GDP,"26400000000,00",JOR
,2017,GDP,"40100000000,00",JOR
,2010,Agriculture,"792000000,00",JOR
,2017,Agriculture,"1604000000,00",JOR
,2010,Industry,"7128000000,00",JOR
,2017,Industry,"10025000000,00",JOR
,2010,Manufacturing,"4488000000,00",JOR
,2017,Manufacturing,"6416000000,00",JOR
,2010,Services(value added),"15206400000,00",JOR
,2017,Services(value added),"23578800000,00",JOR
,2010,GDP,"148000000000,00",KAZ
,2017,GDP,"159400000000,00",KAZ
,2010,Agriculture,"7400000000,00",KAZ
,2017,Agriculture,"6376000000,00",KAZ
,2010,Industry,"60680000000,00",KAZ
,2017,Industry,"51008000000,00",KAZ
,2010,Manufacturing,"16280000000,00",KAZ
,2017,Manufacturing,"17534000000,00",KAZ
,2010,Services(value added),"76516000000,00",KAZ
,2017,Services(value added),"91495600000,00",KAZ
,2010,GDP,"40000000000,00",KEN
,2017,GDP,"74900000000,00",KEN
,2010,Agriculture,"10000000000,00",KEN
,2017,Agriculture,"23968000000,00",KEN
,2010,Industry,"7600000000,00",KEN
,2017,Industry,"12733000000,00",KEN
,2010,Manufacturing,"4400000000,00",KEN
,2017,Manufacturing,"5992000000,00",KEN
,2010,Services(value added),"19240000000,00",KEN
,2017,Services(value added),"34004600000,00",KEN
,2010,GDP,"200000000,00",KIR
,2017,GDP,"200000000,00",KIR
,2010,Agriculture,"48000000,00",KIR
,2017,Agriculture,"0,00",KIR
,2010,Industry,"16000000,00",KIR
,2017,Industry,"0,00",KIR
,2010,Manufacturing,"10000000,00",KIR
,2017,Manufacturing,"0,00",KIR
,2010,Services(value added),"127400000,00",KIR
,2017,Services(value added),"0,00",KIR
,2010,GDP,"0,00",PRK
,2017,GDP,"0,00",PRK
,2010,Agriculture,"0,00",PRK
,2017,Agriculture,"0,00",PRK
,2010,Industry,"0,00",PRK
,2017,Industry,"0,00",PRK
,2010,Manufacturing,"0,00",PRK
,2017,Manufacturing,"0,00",PRK
,2010,Services(value added),"0,00",PRK
,2017,Services(value added),"0,00",PRK
,2010,GDP,"1094500000000,00",KOR
,2017,GDP,"1530800000000,00",KOR
,2010,Agriculture,"21890000000,00",KOR
,2017,Agriculture,"30616000000,00",KOR
,2010,Industry,"383075000000,00",KOR
,2017,Industry,"551088000000,00",KOR
,2010,Manufacturing,"306460000000,00",KOR
,2017,Manufacturing,"428624000000,00",KOR
,2010,Services(value added),"586652000000,00",KOR
,2017,Services(value added),"808262400000,00",KOR
,2010,GDP,"5800000000,00", Kosovo
,2017,GDP,"7100000000,00", Kosovo
,2010,Agriculture,"812000000,00", Kosovo
,2017,Agriculture,"639000000,00", Kosovo
,2010,Industry,"1392000000,00", Kosovo
,2017,Industry,"1846000000,00", Kosovo
,2010,Manufacturing,"638000000,00", Kosovo
,2017,Manufacturing,"852000000,00", Kosovo
,2010,Services(value added),"2691200000,00", Kosovo
,2017,Services(value added),"3237600000,00", Kosovo
,2010,GDP,"115400000000,00",KWT
,2017,GDP,"120100000000,00",KWT
,2010,Agriculture,"0,00",KWT
,2017,Agriculture,"1201000000,00",KWT
,2010,Industry,"76164000000,00",KWT
,2017,Industry,"62452000000,00",KWT
,2010,Manufacturing,"6924000000,00",KWT
,2017,Manufacturing,"8407000000,00",KWT
,2010,Services(value added),"0,00",KWT
,2017,Services(value added),"73741400000,00",KWT
,2010,GDP,"4800000000,00",KGZ
,2017,GDP,"7600000000,00",KGZ
,2010,Agriculture,"816000000,00",KGZ
,2017,Agriculture,"912000000,00",KGZ
,2010,Industry,"1248000000,00",KGZ
,2017,Industry,"1976000000,00",KGZ
,2010,Manufacturing,"816000000,00",KGZ
,2017,Manufacturing,"1140000000,00",KGZ
,2010,Services(value added),"2366400000,00",KGZ
,2017,Services(value added),"3830400000,00",KGZ
,2010,GDP,"7100000000,00",LAO
,2017,GDP,"16900000000,00",LAO
,2010,Agriculture,"1633000000,00",LAO
,2017,Agriculture,"2704000000,00",LAO
,2010,Industry,"2130000000,00",LAO
,2017,Industry,"5239000000,00",LAO
,2010,Manufacturing,"781000000,00",LAO
,2017,Manufacturing,"1183000000,00",LAO
,2010,Services(value added),"3095600000,00",LAO
,2017,Services(value added),"7013500000,00",LAO
,2010,GDP,"23800000000,00",LVA
,2017,GDP,"30300000000,00",LVA
,2010,Agriculture,"952000000,00",LVA
,2017,Agriculture,"909000000,00",LVA
,2010,Industry,"4998000000,00",LVA
,2017,Industry,"6060000000,00",LVA
,2010,Manufacturing,"2856000000,00",LVA
,2017,Manufacturing,"3333000000,00",LVA
,2010,Services(value added),"15279600000,00",LVA
,2017,Services(value added),"19513200000,00",LVA
,2010,GDP,"38400000000,00",LBN
,2017,GDP,"51800000000,00",LBN
,2010,Agriculture,"1536000000,00",LBN
,2017,Agriculture,"2072000000,00",LBN
,2010,Industry,"5376000000,00",LBN
,2017,Industry,"6216000000,00",LBN
,2010,Manufacturing,"3072000000,00",LBN
,2017,Manufacturing,"2590000000,00",LBN
,2010,Services(value added),"27648000000,00",LBN
,2017,Services(value added),"39368000000,00",LBN
,2010,GDP,"1300000000,00",LBR
,2017,GDP,"2200000000,00",LBR
,2010,Agriculture,"585000000,00",LBR
,2017,Agriculture,"748000000,00",LBR
,2010,Industry,"65000000,00",LBR
,2017,Industry,"264000000,00",LBR
,2010,Manufacturing,"52000000,00",LBR
,2017,Manufacturing,"66000000,00",LBR
,2010,Services(value added),"652600000,00",LBR
,2017,Services(value added),"1179200000,00",LBR
,2010,GDP,"74800000000,00",LBY
,2017,GDP,"51000000000,00",LBY
,2010,Agriculture,"1496000000,00",LBY
,2017,Agriculture,"0,00",LBY
,2010,Industry,"58344000000,00",LBY
,2017,Industry,"0,00",LBY
,2010,Manufacturing,"2992000000,00",LBY
,2017,Manufacturing,"0,00",LBY
,2010,Services(value added),"0,00",LBY
,2017,Services(value added),"0,00",LBY
,2010,GDP,"5100000000,00",LIE
,2017,GDP,"6300000000,00",LIE
,2010,Agriculture,"0,00",LIE
,2017,Agriculture,"0,00",LIE
,2010,Industry,"2040000000,00",LIE
,2017,Industry,"2331000000,00",LIE
,2010,Manufacturing,"0,00",LIE
,2017,Manufacturing,"0,00",LIE
,2010,Services(value added),"0,00",LIE
,2017,Services(value added),"0,00",LIE
,2010,GDP,"37100000000,00",LTU
,2017,GDP,"47200000000,00",LTU
,2010,Agriculture,"1113000000,00",LTU
,2017,Agriculture,"1416000000,00",LTU
,2010,Industry,"9646000000,00",LTU
,2017,Industry,"12272000000,00",LTU
,2010,Manufacturing,"6307000000,00",LTU
,2017,Manufacturing,"8496000000,00",LTU
,2010,Services(value added),"22556800000,00",LTU
,2017,Services(value added),"28461600000,00",LTU
,2010,GDP,"53200000000,00",LUX
,2017,GDP,"62400000000,00",LUX
,2010,Agriculture,"0,00",LUX
,2017,Agriculture,"0,00",LUX
,2010,Industry,"5852000000,00",LUX
,2017,Industry,"7488000000,00",LUX
,2010,Manufacturing,"2660000000,00",LUX
,2017,Manufacturing,"3120000000,00",LUX
,2010,Services(value added),"41655600000,00",LUX
,2017,Services(value added),"49233600000,00",LUX
,2010,GDP,"9400000000,00",MKD
,2017,GDP,"11300000000,00",MKD
,2010,Agriculture,"940000000,00",MKD
,2017,Agriculture,"1017000000,00",MKD
,2010,Industry,"1974000000,00",MKD
,2017,Industry,"2599000000,00",MKD
,2010,Manufacturing,"940000000,00",MKD
,2017,Manufacturing,"1356000000,00",MKD
,2010,Services(value added),"5179400000,00",MKD
,2017,Services(value added),"6124600000,00",MKD
,2010,GDP,"255000000000,00",MYS
,2017,GDP,"314500000000,00",MYS
,2010,Agriculture,"25500000000,00",MYS
,2017,Agriculture,"28305000000,00",MYS
,2010,Industry,"102000000000,00",MYS
,2017,Industry,"122655000000,00",MYS
,2010,Manufacturing,"58650000000,00",MYS
,2017,Manufacturing,"69190000000,00",MYS
,2010,Services(value added),"123675000000,00",MYS
,2017,Services(value added),"160395000000,00",MYS
,2010,GDP,"2600000000,00",MDV
,2017,GDP,"4600000000,00",MDV
,2010,Agriculture,"156000000,00",MDV
,2017,Agriculture,"276000000,00",MDV
,2010,Industry,"234000000,00",MDV
,2017,Industry,"460000000,00",MDV
,2010,Manufacturing,"52000000,00",MDV
,2017,Manufacturing,"92000000,00",MDV
,2010,Services(value added),"2020200000,00",MDV
,2017,Services(value added),"3252200000,00",MDV
,2010,GDP,"10700000000,00",MLI
,2017,GDP,"15300000000,00",MLI
,2010,Agriculture,"3531000000,00",MLI
,2017,Agriculture,"5814000000,00",MLI
,2010,Industry,"2461000000,00",MLI
,2017,Industry,"2601000000,00",MLI
,2010,Manufacturing,"0,00",MLI
,2017,Manufacturing,"0,00",MLI
,2010,Services(value added),"3798500000,00",MLI
,2017,Services(value added),"5615100000,00",MLI
,2010,GDP,"8700000000,00",MLT
,2017,GDP,"12500000000,00",MLT
,2010,Agriculture,"87000000,00",MLT
,2017,Agriculture,"125000000,00",MLT
,2010,Industry,"1566000000,00",MLT
,2017,Industry,"1625000000,00",MLT
,2010,Manufacturing,"957000000,00",MLT
,2017,Manufacturing,"1000000000,00",MLT
,2010,Services(value added),"5976900000,00",MLT
,2017,Services(value added),"9000000000,00",MLT
,2010,GDP,"200000000,00",MHL
,2017,GDP,"200000000,00",MHL
,2010,Agriculture,"30000000,00",MHL
,2017,Agriculture,"32000000,00",MHL
,2010,Industry,"22000000,00",MHL
,2017,Industry,"28000000,00",MHL
,2010,Manufacturing,"4000000,00",MHL
,2017,Manufacturing,"4000000,00",MHL
,2010,Services(value added),"139000000,00",MHL
,2017,Services(value added),"137800000,00",MHL
,2010,GDP,"4300000000,00",MRT
,2017,GDP,"5000000000,00",MRT
,2010,Agriculture,"860000000,00",MRT
,2017,Agriculture,"1150000000,00",MRT
,2010,Industry,"1677000000,00",MRT
,2017,Industry,"1450000000,00",MRT
,2010,Manufacturing,"344000000,00",MRT
,2017,Manufacturing,"300000000,00",MRT
,2010,Services(value added),"1552300000,00",MRT
,2017,Services(value added),"1770000000,00",MRT
,2010,GDP,"1057800000000,00",MEX
,2017,GDP,"1149900000000,00",MEX
,2010,Agriculture,"31734000000,00",MEX
,2017,Agriculture,"34497000000,00",MEX
,2010,Industry,"338496000000,00",MEX
,2017,Industry,"344970000000,00",MEX
,2010,Manufacturing,"169248000000,00",MEX
,2017,Manufacturing,"195483000000,00",MEX
,2010,Services(value added),"638911200000,00",MEX
,2017,Services(value added),"700289100000,00",MEX
,2010,GDP,"300000000,00",FSM
,2017,GDP,"300000000,00",FSM
,2010,Agriculture,"75000000,00",FSM
,2017,Agriculture,"81000000,00",FSM
,2010,Industry,"21000000,00",FSM
,2017,Industry,"18000000,00",FSM
,2010,Manufacturing,"0,00",FSM
,2017,Manufacturing,"3000000,00",FSM
,2010,Services(value added),"0,00",FSM
,2017,Services(value added),"0,00",FSM
,2010,GDP,"5800000000,00",MDA
,2017,GDP,"8100000000,00",MDA
,2010,Agriculture,"696000000,00",MDA
,2017,Agriculture,"972000000,00",MDA
,2010,Industry,"986000000,00",MDA
,2017,Industry,"1458000000,00",MDA
,2010,Manufacturing,"580000000,00",MDA
,2017,Manufacturing,"972000000,00",MDA
,2010,Services(value added),"3265400000,00",MDA
,2017,Services(value added),"4487400000,00",MDA
,2010,GDP,"5400000000,00",MCO
,2017,GDP,"0,00",MCO
,2010,Agriculture,"0,00",MCO
,2017,Agriculture,"0,00",MCO
,2010,Industry,"0,00",MCO
,2017,Industry,"0,00",MCO
,2010,Manufacturing,"0,00",MCO
,2017,Manufacturing,"0,00",MCO
,2010,Services(value added),"0,00",MCO
,2017,Services(value added),"0,00",MCO
,2010,GDP,"7200000000,00",MNG
,2017,GDP,"11500000000,00",MNG
,2010,Agriculture,"864000000,00",MNG
,2017,Agriculture,"1150000000,00",MNG
,2010,Industry,"2376000000,00",MNG
,2017,Industry,"3795000000,00",MNG
,2010,Manufacturing,"504000000,00",MNG
,2017,Manufacturing,"920000000,00",MNG
,2010,Services(value added),"0,00",MNG
,2017,Services(value added),"0,00",MNG
,2010,GDP,"4100000000,00",MNE
,2017,GDP,"4800000000,00",MNE
,2010,Agriculture,"328000000,00",MNE
,2017,Agriculture,"384000000,00",MNE
,2010,Industry,"697000000,00",MNE
,2017,Industry,"816000000,00",MNE
,2010,Manufacturing,"205000000,00",MNE
,2017,Manufacturing,"144000000,00",MNE
,2010,Services(value added),"2402600000,00",MNE
,2017,Services(value added),"2616000000,00",MNE
,2010,GDP,"93200000000,00",MAR
,2017,GDP,"109100000000,00",MAR
,2010,Agriculture,"12116000000,00",MAR
,2017,Agriculture,"14183000000,00",MAR
,2010,Industry,"24232000000,00",MAR
,2017,Industry,"28366000000,00",MAR
,2010,Manufacturing,"14912000000,00",MAR
,2017,Manufacturing,"17456000000,00",MAR
,2010,Services(value added),"47532000000,00",MAR
,2017,Services(value added),"54004500000,00",MAR
,2010,GDP,"49500000000,00",MMR
,2017,GDP,"69300000000,00",MMR
,2010,Agriculture,"18315000000,00",MMR
,2017,Agriculture,"18018000000,00",MMR
,2010,Industry,"12870000000,00",MMR
,2017,Industry,"22176000000,00",MMR
,2010,Manufacturing,"9900000000,00",MMR
,2017,Manufacturing,"16632000000,00",MMR
,2010,Services(value added),"0,00",MMR
,2017,Services(value added),"29244600000,00",MMR
,2010,GDP,"16000000000,00",NPL
,2017,GDP,"24500000000,00",NPL
,2010,Agriculture,"5280000000,00",NPL
,2017,Agriculture,"6615000000,00",NPL
,2010,Industry,"2240000000,00",NPL
,2017,Industry,"3185000000,00",NPL
,2010,Manufacturing,"960000000,00",NPL
,2017,Manufacturing,"1225000000,00",NPL
,2010,Services(value added),"7424000000,00",NPL
,2017,Services(value added),"12617500000,00",NPL
,2010,GDP,"836400000000,00",NLD
,2017,GDP,"826200000000,00",NLD
,2010,Agriculture,"16728000000,00",NLD
,2017,Agriculture,"16524000000,00",NLD
,2010,Industry,"167280000000,00",NLD
,2017,Industry,"148716000000,00",NLD
,2010,Manufacturing,"92004000000,00",NLD
,2017,Manufacturing,"90882000000,00",NLD
,2010,Services(value added),"571261200000,00",NLD
,2017,Services(value added),"581644800000,00",NLD
,2010,GDP,"0,00",NCL
,2017,GDP,"0,00",NCL
,2010,Agriculture,"0,00",NCL
,2017,Agriculture,"0,00",NCL
,2010,Industry,"0,00",NCL
,2017,Industry,"0,00",NCL
,2010,Manufacturing,"0,00",NCL
,2017,Manufacturing,"0,00",NCL
,2010,Services(value added),"0,00",NCL
,2017,Services(value added),"0,00",NCL
,2010,GDP,"146600000000,00",NZL
,2017,GDP,"205900000000,00",NZL
,2010,Agriculture,"13194000000,00",NZL
,2017,Agriculture,"10295000000,00",NZL
,2010,Industry,"27854000000,00",NZL
,2017,Industry,"41180000000,00",NZL
,2010,Manufacturing,"16126000000,00",NZL
,2017,Manufacturing,"22649000000,00",NZL
,2010,Services(value added),"94410400000,00",NZL
,2017,Services(value added),"135070400000,00",NZL
,2010,GDP,"8800000000,00",NIC
,2017,GDP,"13800000000,00",NIC
,2010,Agriculture,"1496000000,00",NIC
,2017,Agriculture,"2070000000,00",NIC
,2010,Industry,"1936000000,00",NIC
,2017,Industry,"3312000000,00",NIC
,2010,Manufacturing,"1232000000,00",NIC
,2017,Manufacturing,"1932000000,00",NIC
,2010,Services(value added),"4549600000,00",NIC
,2017,Services(value added),"7038000000,00",NIC
,2010,GDP,"5700000000,00",NER
,2017,GDP,"8100000000,00",NER
,2010,Agriculture,"2337000000,00",NER
,2017,Agriculture,"3240000000,00",NER
,2010,Industry,"912000000,00",NER
,2017,Industry,"1296000000,00",NER
,2010,Manufacturing,"285000000,00",NER
,2017,Manufacturing,"486000000,00",NER
,2010,Services(value added),"2097600000,00",NER
,2017,Services(value added),"3159000000,00",NER
,2010,GDP,"369100000000,00",NGA
,2017,GDP,"375800000000,00",NGA
,2010,Agriculture,"88584000000,00",NGA
,2017,Agriculture,"78918000000,00",NGA
,2010,Industry,"92275000000,00",NGA
,2017,Industry,"82676000000,00",NGA
,2010,Manufacturing,"22146000000,00",NGA
,2017,Manufacturing,"33822000000,00",NGA
,2010,Services(value added),"184550000000,00",NGA
,2017,Services(value added),"209696400000,00",NGA
,2010,GDP,"800000000,00",MNP
,2017,GDP,"1200000000,00",MNP
,2010,Agriculture,"0,00",MNP
,2017,Agriculture,"0,00",MNP
,2010,Industry,"0,00",MNP
,2017,Industry,"0,00",MNP
,2010,Manufacturing,"0,00",MNP
,2017,Manufacturing,"0,00",MNP
,2010,Services(value added),"0,00",MNP
,2017,Services(value added),"0,00",MNP
,2010,GDP,"429100000000,00",NOR
,2017,GDP,"398800000000,00",NOR
,2010,Agriculture,"8582000000,00",NOR
,2017,Agriculture,"7976000000,00",NOR
,2010,Industry,"150185000000,00",NOR
,2017,Industry,"119640000000,00",NOR
,2010,Manufacturing,"30037000000,00",NOR
,2017,Manufacturing,"27916000000,00",NOR
,2010,Services(value added),"226564800000,00",NOR
,2017,Services(value added),"226518400000,00",NOR
,2010,GDP,"58600000000,00",OMN
,2017,GDP,"72600000000,00",OMN
,2010,Agriculture,"586000000,00",OMN
,2017,Agriculture,"1452000000,00",OMN
,2010,Industry,"37504000000,00",OMN
,2017,Industry,"34122000000,00",OMN
,2010,Manufacturing,"6446000000,00",OMN
,2017,Manufacturing,"5808000000,00",OMN
,2010,Services(value added),"16056400000,00",OMN
,2017,Services(value added),"31726200000,00",OMN
,2010,GDP,"177400000000,00",PAK
,2017,GDP,"305000000000,00",PAK
,2010,Agriculture,"40802000000,00",PAK
,2017,Agriculture,"70150000000,00",PAK
,2010,Industry,"35480000000,00",PAK
,2017,Industry,"54900000000,00",PAK
,2010,Manufacturing,"23062000000,00",PAK
,2017,Manufacturing,"36600000000,00",PAK
,2010,Services(value added),"93667200000,00",PAK
,2017,Services(value added),"161955000000,00",PAK
,2010,GDP,"200000000,00",PLW
,2017,GDP,"300000000,00",PLW
,2010,Agriculture,"8000000,00",PLW
,2017,Agriculture,"9000000,00",PLW
,2010,Industry,"20000000,00",PLW
,2017,Industry,"27000000,00",PLW
,2010,Manufacturing,"2000000,00",PLW
,2017,Manufacturing,"3000000,00",PLW
,2010,Services(value added),"0,00",PLW
,2017,Services(value added),"0,00",PLW
,2010,GDP,"29400000000,00",PAN
,2017,GDP,"61800000000,00",PAN
,2010,Agriculture,"1176000000,00",PAN
,2017,Agriculture,"1236000000,00",PAN
,2010,Industry,"5586000000,00",PAN
,2017,Industry,"17922000000,00",PAN
,2010,Manufacturing,"2058000000,00",PAN
,2017,Manufacturing,"3708000000,00",PAN
,2010,Services(value added),"21432600000,00",PAN
,2017,Services(value added),"40293600000,00",PAN
,2010,GDP,"14300000000,00",PNG
,2017,GDP,"21100000000,00",PNG
,2010,Agriculture,"2860000000,00",PNG
,2017,Agriculture,"0,00",PNG
,2010,Industry,"4719000000,00",PNG
,2017,Industry,"0,00",PNG
,2010,Manufacturing,"286000000,00",PNG
,2017,Manufacturing,"0,00",PNG
,2010,Services(value added),"0,00",PNG
,2017,Services(value added),"0,00",PNG
,2010,GDP,"20000000000,00",PRY
,2017,GDP,"29700000000,00",PRY
,2010,Agriculture,"4000000000,00",PRY
,2017,Agriculture,"5346000000,00",PRY
,2010,Industry,"5400000000,00",PRY
,2017,Industry,"8019000000,00",PRY
,2010,Manufacturing,"2200000000,00",PRY
,2017,Manufacturing,"3267000000,00",PRY
,2010,Services(value added),"8560000000,00",PRY
,2017,Services(value added),"13513500000,00",PRY
,2010,GDP,"147500000000,00",PER
,2017,GDP,"211400000000,00",PER
,2010,Agriculture,"10325000000,00",PER
,2017,Agriculture,"14798000000,00",PER
,2010,Industry,"53100000000,00",PER
,2017,Industry,"63420000000,00",PER
,2010,Manufacturing,"23600000000,00",PER
,2017,Manufacturing,"27482000000,00",PER
,2010,Services(value added),"72127500000,00",PER
,2017,Services(value added),"116692800000,00",PER
,2010,GDP,"199600000000,00",PHL
,2017,GDP,"313600000000,00",PHL
,2010,Agriculture,"23952000000,00",PHL
,2017,Agriculture,"31360000000,00",PHL
,2010,Industry,"65868000000,00",PHL
,2017,Industry,"94080000000,00",PHL
,2010,Manufacturing,"41916000000,00",PHL
,2017,Manufacturing,"59584000000,00",PHL
,2010,Services(value added),"109979600000,00",PHL
,2017,Services(value added),"187846400000,00",PHL
,2010,GDP,"479300000000,00",POL
,2017,GDP,"524500000000,00",POL
,2010,Agriculture,"14379000000,00",POL
,2017,Agriculture,"10490000000,00",POL
,2010,Industry,"138997000000,00",POL
,2017,Industry,"146860000000,00",POL
,2010,Manufacturing,"76688000000,00",POL
,2017,Manufacturing,"94410000000,00",POL
,2010,Services(value added),"269366600000,00",POL
,2017,Services(value added),"305783500000,00",POL
,2010,GDP,"238300000000,00",PRT
,2017,GDP,"217600000000,00",PRT
,2010,Agriculture,"4766000000,00",PRT
,2017,Agriculture,"4352000000,00",PRT
,2010,Industry,"47660000000,00",PRT
,2017,Industry,"41344000000,00",PRT
,2010,Manufacturing,"28596000000,00",PRT
,2017,Manufacturing,"26112000000,00",PRT
,2010,Services(value added),"157754600000,00",PRT
,2017,Services(value added),"141875200000,00",PRT
,2010,GDP,"98400000000,00",PRI
,2017,GDP,"105000000000,00",PRI
,2010,Agriculture,"984000000,00",PRI
,2017,Agriculture,"1050000000,00",PRI
,2010,Industry,"50184000000,00",PRI
,2017,Industry,"52500000000,00",PRI
,2010,Manufacturing,"46248000000,00",PRI
,2017,Manufacturing,"49350000000,00",PRI
,2010,Services(value added),"0,00",PRI
,2017,Services(value added),"0,00",PRI
,2010,GDP,"125100000000,00",QAT
,2017,GDP,"167600000000,00",QAT
,2010,Agriculture,"0,00",QAT
,2017,Agriculture,"0,00",QAT
,2010,Industry,"118845000000,00",QAT
,2017,Industry,"87152000000,00",QAT
,2010,Manufacturing,"16263000000,00",QAT
,2017,Manufacturing,"15084000000,00",QAT
,2010,Services(value added),"33401700000,00",QAT
,2017,Services(value added),"80280400000,00",QAT
,2010,GDP,"166700000000,00",ROU
,2017,GDP,"211800000000,00",ROU
,2010,Agriculture,"8335000000,00",ROU
,2017,Agriculture,"8472000000,00",ROU
,2010,Industry,"61679000000,00",ROU
,2017,Industry,"63540000000,00",ROU
,2010,Manufacturing,"38341000000,00",ROU
,2017,Manufacturing,"42360000000,00",ROU
,2010,Services(value added),"77015400000,00",ROU
,2017,Services(value added),"119031600000,00",ROU
,2010,GDP,"1524900000000,00",RUS
,2017,GDP,"1577500000000,00",RUS
,2010,Agriculture,"45747000000,00",RUS
,2017,Agriculture,"63100000000,00",RUS
,2010,Industry,"457470000000,00",RUS
,2017,Industry,"473250000000,00",RUS
,2010,Manufacturing,"198237000000,00",RUS
,2017,Manufacturing,"189300000000,00",RUS
,2010,Services(value added),"809721900000,00",RUS
,2017,Services(value added),"886555000000,00",RUS
,2010,GDP,"5800000000,00",RWA
,2017,GDP,"9100000000,00",RWA
,2010,Agriculture,"1682000000,00",RWA
,2017,Agriculture,"2821000000,00",RWA
,2010,Industry,"870000000,00",RWA
,2017,Industry,"1456000000,00",RWA
,2010,Manufacturing,"348000000,00",RWA
,2017,Manufacturing,"546000000,00",RWA
,2010,Services(value added),"2865200000,00",RWA
,2017,Services(value added),"4222400000,00",RWA
,2010,GDP,"600000000,00",WSM
,2017,GDP,"900000000,00",WSM
,2010,Agriculture,"60000000,00",WSM
,2017,Agriculture,"99000000,00",WSM
,2010,Industry,"156000000,00",WSM
,2017,Industry,"198000000,00",WSM
,2010,Manufacturing,"72000000,00",WSM
,2017,Manufacturing,"90000000,00",WSM
,2010,Services(value added),"0,00",WSM
,2017,Services(value added),"0,00",WSM
,2010,GDP,"2100000000,00",SMR
,2017,GDP,"1700000000,00",SMR
,2010,Agriculture,"0,00",SMR
,2017,Agriculture,"0,00",SMR
,2010,Industry,"0,00",SMR
,2017,Industry,"0,00",SMR
,2010,Manufacturing,"0,00",SMR
,2017,Manufacturing,"0,00",SMR
,2010,Services(value added),"0,00",SMR
,2017,Services(value added),"0,00",SMR
,2010,GDP,"200000000,00",STP
,2017,GDP,"400000000,00",STP
,2010,Agriculture,"22000000,00",STP
,2017,Agriculture,"44000000,00",STP
,2010,Industry,"34000000,00",STP
,2017,Industry,"60000000,00",STP
,2010,Manufacturing,"16000000,00",STP
,2017,Manufacturing,"28000000,00",STP
,2010,Services(value added),"134200000,00",STP
,2017,Services(value added),"285600000,00",STP
,2010,GDP,"528200000000,00",SAU
,2017,GDP,"683800000000,00",SAU
,2010,Agriculture,"15846000000,00",SAU
,2017,Agriculture,"20514000000,00",SAU
,2010,Industry,"306356000000,00",SAU
,2017,Industry,"307710000000,00",SAU
,2010,Manufacturing,"58102000000,00",SAU
,2017,Manufacturing,"88894000000,00",SAU
,2010,Services(value added),"205998000000,00",SAU
,2017,Services(value added),"358995000000,00",SAU
,2010,GDP,"12900000000,00",SEN
,2017,GDP,"16400000000,00",SEN
,2010,Agriculture,"1935000000,00",SEN
,2017,Agriculture,"2460000000,00",SEN
,2010,Industry,"2580000000,00",SEN
,2017,Industry,"3444000000,00",SEN
,2010,Manufacturing,"1548000000,00",SEN
,2017,Manufacturing,"1804000000,00",SEN
,2010,Services(value added),"6953100000,00",SEN
,2017,Services(value added),"8823200000,00",SEN
,2010,GDP,"39500000000,00",SRB
,2017,GDP,"41400000000,00",SRB
,2010,Agriculture,"3555000000,00",SRB
,2017,Agriculture,"2484000000,00",SRB
,2010,Industry,"9480000000,00",SRB
,2017,Industry,"10764000000,00",SRB
,2010,Manufacturing,"5530000000,00",SRB
,2017,Manufacturing,"6624000000,00",SRB
,2010,Services(value added),"20224000000,00",SRB
,2017,Services(value added),"20700000000,00",SRB
,2010,GDP,"2600000000,00",SLE
,2017,GDP,"3800000000,00",SLE
,2010,Agriculture,"1378000000,00",SLE
,2017,Agriculture,"2280000000,00",SLE
,2010,Industry,"208000000,00",SLE
,2017,Industry,"190000000,00",SLE
,2010,Manufacturing,"52000000,00",SLE
,2017,Manufacturing,"76000000,00",SLE
,2010,Services(value added),"917800000,00",SLE
,2017,Services(value added),"1231200000,00",SLE
,2010,GDP,"236400000000,00",SGP
,2017,GDP,"323900000000,00",SGP
,2010,Agriculture,"0,00",SGP
,2017,Agriculture,"0,00",SGP
,2010,Industry,"61464000000,00",SGP
,2017,Industry,"74497000000,00",SGP
,2010,Manufacturing,"47280000000,00",SGP
,2017,Manufacturing,"58302000000,00",SGP
,2010,Services(value added),"161461200000,00",SGP
,2017,Services(value added),"228025600000,00",SGP
,2010,GDP,"0,00",Dutch part)(SXM
,2017,GDP,"0,00",Dutch part)(SXM
,2010,Agriculture,"0,00",Dutch part)(SXM
,2017,Agriculture,"0,00",Dutch part)(SXM
,2010,Industry,"0,00",Dutch part)(SXM
,2017,Industry,"0,00",Dutch part)(SXM
,2010,Manufacturing,"0,00",Dutch part)(SXM
,2017,Manufacturing,"0,00",Dutch part)(SXM
,2010,Services(value added),"0,00",Dutch part)(SXM
,2017,Services(value added),"0,00",Dutch part)(SXM
,2010,GDP,"89500000000,00",SVK
,2017,GDP,"95800000000,00",SVK
,2010,Agriculture,"2685000000,00",SVK
,2017,Agriculture,"2874000000,00",SVK
,2010,Industry,"28640000000,00",SVK
,2017,Industry,"29698000000,00",SVK
,2010,Manufacturing,"17005000000,00",SVK
,2017,Manufacturing,"19160000000,00",SVK
,2010,Services(value added),"50388500000,00",SVK
,2017,Services(value added),"53552200000,00",SVK
,2010,GDP,"48000000000,00",SVN
,2017,GDP,"48800000000,00",SVN
,2010,Agriculture,"960000000,00",SVN
,2017,Agriculture,"976000000,00",SVN
,2010,Industry,"12960000000,00",SVN
,2017,Industry,"14152000000,00",SVN
,2010,Manufacturing,"8640000000,00",SVN
,2017,Manufacturing,"10248000000,00",SVN
,2010,Services(value added),"28176000000,00",SVN
,2017,Services(value added),"27523200000,00",SVN
,2010,GDP,"700000000,00",SLB
,2017,GDP,"1300000000,00",SLB
,2010,Agriculture,"0,00",SLB
,2017,Agriculture,"0,00",SLB
,2010,Industry,"0,00",SLB
,2017,Industry,"0,00",SLB
,2010,Manufacturing,"0,00",SLB
,2017,Manufacturing,"0,00",SLB
,2010,Services(value added),"0,00",SLB
,2017,Services(value added),"0,00",SLB
,2010,GDP,"0,00",SOM
,2017,GDP,"7400000000,00",SOM
,2010,Agriculture,"0,00",SOM
,2017,Agriculture,"0,00",SOM
,2010,Industry,"0,00",SOM
,2017,Industry,"0,00",SOM
,2010,Manufacturing,"0,00",SOM
,2017,Manufacturing,"0,00",SOM
,2010,Services(value added),"0,00",SOM
,2017,Services(value added),"0,00",SOM
,2010,GDP,"17300000000,00",SSD
,2017,GDP,"2900000000,00",SSD
,2010,Agriculture,"0,00",SSD
,2017,Agriculture,"0,00",SSD
,2010,Industry,"0,00",SSD
,2017,Industry,"0,00",SSD
,2010,Manufacturing,"0,00",SSD
,2017,Manufacturing,"0,00",SSD
,2010,Services(value added),"0,00",SSD
,2017,Services(value added),"0,00",SSD
,2010,GDP,"1431600000000,00",ESP
,2017,GDP,"1311300000000,00",ESP
,2010,Agriculture,"28632000000,00",ESP
,2017,Agriculture,"39339000000,00",ESP
,2010,Industry,"343584000000,00",ESP
,2017,Industry,"288486000000,00",ESP
,2010,Manufacturing,"171792000000,00",ESP
,2017,Manufacturing,"170469000000,00",ESP
,2010,Services(value added),"936266400000,00",ESP
,2017,Services(value added),"870703200000,00",ESP
,2010,GDP,"56700000000,00",LKA
,2017,GDP,"87200000000,00",LKA
,2010,Agriculture,"4536000000,00",LKA
,2017,Agriculture,"6976000000,00",LKA
,2010,Industry,"15309000000,00",LKA
,2017,Industry,"23544000000,00",LKA
,2010,Manufacturing,"11340000000,00",LKA
,2017,Manufacturing,"16568000000,00",LKA
,2010,Services(value added),"30958200000,00",LKA
,2017,Services(value added),"48657600000,00",LKA
,2010,GDP,"700000000,00",KNA
,2017,GDP,"900000000,00",KNA
,2010,Agriculture,"7000000,00",KNA
,2017,Agriculture,"9000000,00",KNA
,2010,Industry,"175000000,00",KNA
,2017,Industry,"225000000,00",KNA
,2010,Manufacturing,"63000000,00",KNA
,2017,Manufacturing,"45000000,00",KNA
,2010,Services(value added),"436800000,00",KNA
,2017,Services(value added),"548100000,00",KNA
,2010,GDP,"1400000000,00",LCA
,2017,GDP,"1700000000,00",LCA
,2010,Agriculture,"28000000,00",LCA
,2017,Agriculture,"34000000,00",LCA
,2010,Industry,"168000000,00",LCA
,2017,Industry,"187000000,00",LCA
,2010,Manufacturing,"42000000,00",LCA
,2017,Manufacturing,"34000000,00",LCA
,2010,Services(value added),"1050000000,00",LCA
,2017,Services(value added),"1261400000,00",LCA
,2010,GDP,"0,00",French part)(MAF
,2017,GDP,"0,00",French part)(MAF
,2010,Agriculture,"0,00",French part)(MAF
,2017,Agriculture,"0,00",French part)(MAF
,2010,Industry,"0,00",French part)(MAF
,2017,Industry,"0,00",French part)(MAF
,2010,Manufacturing,"0,00",French part)(MAF
,2017,Manufacturing,"0,00",French part)(MAF
,2010,Services(value added),"0,00",French part)(MAF
,2017,Services(value added),"0,00",French part)(MAF
,2010,GDP,"700000000,00",VCT
,2017,GDP,"800000000,00",VCT
,2010,Agriculture,"42000000,00",VCT
,2017,Agriculture,"56000000,00",VCT
,2010,Industry,"112000000,00",VCT
,2017,Industry,"120000000,00",VCT
,2010,Manufacturing,"35000000,00",VCT
,2017,Manufacturing,"40000000,00",VCT
,2010,Services(value added),"442400000,00",VCT
,2017,Services(value added),"498400000,00",VCT
,2010,GDP,"65600000000,00",SDN
,2017,GDP,"117500000000,00",SDN
,2010,Agriculture,"15088000000,00",SDN
,2017,Agriculture,"35250000000,00",SDN
,2010,Industry,"17712000000,00",SDN
,2017,Industry,"2350000000,00",SDN
,2010,Manufacturing,"3936000000,00",SDN
,2017,Manufacturing,"0,00",SDN
,2010,Services(value added),"29192000000,00",SDN
,2017,Services(value added),"54990000000,00",SDN
,2010,GDP,"4400000000,00",SUR
,2017,GDP,"3300000000,00",SUR
,2010,Agriculture,"440000000,00",SUR
,2017,Agriculture,"297000000,00",SUR
,2010,Industry,"1540000000,00",SUR
,2017,Industry,"1056000000,00",SUR
,2010,Manufacturing,"924000000,00",SUR
,2017,Manufacturing,"396000000,00",SUR
,2010,Services(value added),"2103200000,00",SUR
,2017,Services(value added),"1755600000,00",SUR
,2010,GDP,"488400000000,00",SWE
,2017,GDP,"538000000000,00",SWE
,2010,Agriculture,"4884000000,00",SWE
,2017,Agriculture,"5380000000,00",SWE
,2010,Industry,"122100000000,00",SWE
,2017,Industry,"118360000000,00",SWE
,2010,Manufacturing,"78144000000,00",SWE
,2017,Manufacturing,"75320000000,00",SWE
,2010,Services(value added),"298412400000,00",SWE
,2017,Services(value added),"350776000000,00",SWE
,2010,GDP,"583800000000,00",CHE
,2017,GDP,"678900000000,00",CHE
,2010,Agriculture,"5838000000,00",CHE
,2017,Agriculture,"6789000000,00",CHE
,2010,Industry,"151788000000,00",CHE
,2017,Industry,"169725000000,00",CHE
,2010,Manufacturing,"110922000000,00",CHE
,2017,Manufacturing,"122202000000,00",CHE
,2010,Services(value added),"408660000000,00",CHE
,2017,Services(value added),"483376800000,00",CHE
,2010,GDP,"0,00",SYR
,2017,GDP,"0,00",SYR
,2010,Agriculture,"0,00",SYR
,2017,Agriculture,"0,00",SYR
,2010,Industry,"0,00",SYR
,2017,Industry,"0,00",SYR
,2010,Manufacturing,"0,00",SYR
,2017,Manufacturing,"0,00",SYR
,2010,Services(value added),"0,00",SYR
,2017,Services(value added),"0,00",SYR
,2010,GDP,"5600000000,00",TJK
,2017,GDP,"7100000000,00",TJK
,2010,Agriculture,"1120000000,00",TJK
,2017,Agriculture,"1420000000,00",TJK
,2010,Industry,"1400000000,00",TJK
,2017,Industry,"1917000000,00",TJK
,2010,Manufacturing,"560000000,00",TJK
,2017,Manufacturing,"710000000,00",TJK
,2010,Services(value added),"2525600000,00",TJK
,2017,Services(value added),"3003300000,00",TJK
,2017,GDP,"455200000000,00",THA
,2010,Agriculture,"37521000000,00",THA
,2017,Agriculture,"40968000000,00",THA
,2010,Industry,"136440000000,00",THA
,2017,Industry,"159320000000,00",THA
,2010,Manufacturing,"105741000000,00",THA
,2017,Manufacturing,"122904000000,00",THA
,2010,Services(value added),"168844500000,00",THA
,2017,Services(value added),"256277600000,00",THA
,2010,GDP,"4000000000,00",TLS
,2017,GDP,"3000000000,00",TLS
,2010,Agriculture,"240000000,00",TLS
,2017,Agriculture,"330000000,00",TLS
,2010,Industry,"3160000000,00",TLS
,2017,Industry,"1350000000,00",TLS
,2010,Manufacturing,"0,00",TLS
,2017,Manufacturing,"30000000,00",TLS
,2010,Services(value added),"608000000,00",TLS
,2017,Services(value added),"1299000000,00",TLS
,2010,GDP,"3200000000,00",TGO
,2017,GDP,"4800000000,00",TGO
,2010,Agriculture,"992000000,00",TGO
,2017,Agriculture,"1968000000,00",TGO
,2010,Industry,"512000000,00",TGO
,2017,Industry,"816000000,00",TGO
,2010,Manufacturing,"256000000,00",TGO
,2017,Manufacturing,"192000000,00",TGO
,2010,Services(value added),"1689600000,00",TGO
,2017,Services(value added),"1430400000,00",TGO
,2010,GDP,"400000000,00",TON
,2017,GDP,"400000000,00",TON
,2010,Agriculture,"64000000,00",TON
,2017,Agriculture,"68000000,00",TON
,2010,Industry,"72000000,00",TON
,2017,Industry,"68000000,00",TON
,2010,Manufacturing,"24000000,00",TON
,2017,Manufacturing,"24000000,00",TON
,2010,Services(value added),"0,00",TON
,2017,Services(value added),"0,00",TON
,2010,GDP,"22200000000,00",TTO
,2017,GDP,"22100000000,00",TTO
,2010,Agriculture,"222000000,00",TTO
,2017,Agriculture,"0,00",TTO
,2010,Industry,"10212000000,00",TTO
,2017,Industry,"8398000000,00",TTO
,2010,Manufacturing,"4218000000,00",TTO
,2017,Manufacturing,"3978000000,00",TTO
,2010,Services(value added),"10944600000,00",TTO
,2017,Services(value added),"13171600000,00",TTO
,2010,GDP,"44100000000,00",TUN
,2017,GDP,"40300000000,00",TUN
,2010,Agriculture,"3528000000,00",TUN
,2017,Agriculture,"3627000000,00",TUN
,2010,Industry,"12789000000,00",TUN
,2017,Industry,"9672000000,00",TUN
,2010,Manufacturing,"7497000000,00",TUN
,2017,Manufacturing,"6045000000,00",TUN
,2010,Services(value added),"0,00",TUN
,2017,Services(value added),"0,00",TUN
,2010,GDP,"771900000000,00",TUR
,2017,GDP,"851100000000,00",TUR
,2010,Agriculture,"69471000000,00",TUR
,2017,Agriculture,"51066000000,00",TUR
,2010,Industry,"192975000000,00",TUR
,2017,Industry,"246819000000,00",TUR
,2010,Manufacturing,"115785000000,00",TUR
,2017,Manufacturing,"153198000000,00",TUR
,2010,Services(value added),"419141700000,00",TUR
,2017,Services(value added),"453636300000,00",TUR
,2010,GDP,"22600000000,00",TKM
,2017,GDP,"42400000000,00",TKM
,2010,Agriculture,"2486000000,00",TKM
,2017,Agriculture,"3816000000,00",TKM
,2010,Industry,"13334000000,00",TKM
,2017,Industry,"24168000000,00",TKM
,2010,Manufacturing,"0,00",TKM
,2017,Manufacturing,"0,00",TKM
,2010,Services(value added),"6350600000,00",TKM
,2017,Services(value added),"0,00",TKM
,2010,GDP,"0,00",TCA
,2017,GDP,"0,00",TCA
,2010,Agriculture,"0,00",TCA
,2017,Agriculture,"0,00",TCA
,2010,Industry,"0,00",TCA
,2017,Industry,"0,00",TCA
,2010,Manufacturing,"0,00",TCA
,2017,Manufacturing,"0,00",TCA
,2010,Services(value added),"0,00",TCA
,2017,Services(value added),"0,00",TCA
,2010,GDP,"0,00",TUV
,2017,GDP,"0,00",TUV
,2010,Agriculture,"0,00",TUV
,2017,Agriculture,"0,00",TUV
,2010,Industry,"0,00",TUV
,2017,Industry,"0,00",TUV
,2010,Manufacturing,"0,00",TUV
,2017,Manufacturing,"0,00",TUV
,2010,Services(value added),"0,00",TUV
,2017,Services(value added),"0,00",TUV
,2010,GDP,"20200000000,00",UGA
,2017,GDP,"25900000000,00",UGA
,2010,Agriculture,"5252000000,00",UGA
,2017,Agriculture,"6475000000,00",UGA
,2010,Industry,"3636000000,00",UGA
,2017,Industry,"5180000000,00",UGA
,2010,Manufacturing,"1818000000,00",UGA
,2017,Manufacturing,"2072000000,00",UGA
,2010,Services(value added),"9797000000,00",UGA
,2017,Services(value added),"12198900000,00",UGA
,2010,GDP,"136000000000,00",UKR
,2017,GDP,"112200000000,00",UKR
,2010,Agriculture,"9520000000,00",UKR
,2017,Agriculture,"11220000000,00",UKR
,2010,Industry,"35360000000,00",UKR
,2017,Industry,"26928000000,00",UKR
,2010,Manufacturing,"17680000000,00",UKR
,2017,Manufacturing,"13464000000,00",UKR
,2010,Services(value added),"74936000000,00",UKR
,2017,Services(value added),"56436600000,00",UKR
,2010,GDP,"289800000000,00",ARE
,2017,GDP,"382600000000,00",ARE
,2010,Agriculture,"2898000000,00",ARE
,2017,Agriculture,"3826000000,00",ARE
,2010,Industry,"153594000000,00",ARE
,2017,Industry,"168344000000,00",ARE
,2010,Manufacturing,"23184000000,00",ARE
,2017,Manufacturing,"34434000000,00",ARE
,2010,Services(value added),"112152600000,00",ARE
,2017,Services(value added),"179439400000,00",ARE
,2010,GDP,"2441200000000,00",GBR
,2017,GDP,"2622400000000,00",GBR
,2010,Agriculture,"24412000000,00",GBR
,2017,Agriculture,"26224000000,00",GBR
,2010,Industry,"439416000000,00",GBR
,2017,Industry,"498256000000,00",GBR
,2010,Manufacturing,"219708000000,00",GBR
,2017,Manufacturing,"236016000000,00",GBR
,2010,Services(value added),"1743016800000,00",GBR
,2017,Services(value added),"1838302400000,00",GBR
,2010,GDP,"14964400000000,00",USA
,2017,GDP,"19390600000000,00",USA
,2010,Agriculture,"149644000000,00",USA
,2017,Agriculture,"193906000000,00",USA
,2010,Industry,"2992880000000,00",USA
,2017,Industry,"3684214000000,00",USA
,2010,Manufacturing,"1795728000000,00",USA
,2017,Manufacturing,"2326872000000,00",USA
,2010,Services(value added),"11372944000000,00",USA
,2017,Services(value added),"14930762000000,00",USA
,2010,GDP,"40300000000,00",URY
,2017,GDP,"56200000000,00",URY
,2010,Agriculture,"2821000000,00",URY
,2017,Agriculture,"2810000000,00",URY
,2010,Industry,"10075000000,00",URY
,2017,Industry,"13488000000,00",URY
,2010,Manufacturing,"5642000000,00",URY
,2017,Manufacturing,"6744000000,00",URY
,2010,Services(value added),"23454600000,00",URY
,2017,Services(value added),"34394400000,00",URY
,2010,GDP,"39300000000,00",UZB
,2017,GDP,"48700000000,00",UZB
,2010,Agriculture,"7074000000,00",UZB
,2017,Agriculture,"8279000000,00",UZB
,2010,Industry,"11790000000,00",UZB
,2017,Industry,"14610000000,00",UZB
,2010,Manufacturing,"0,00",UZB
,2017,Manufacturing,"0,00",UZB
,2010,Services(value added),"16702500000,00",UZB
,2017,Services(value added),"20697500000,00",UZB
,2010,GDP,"700000000,00",VUT
,2017,GDP,"900000000,00",VUT
,2010,Agriculture,"147000000,00",VUT
,2017,Agriculture,"243000000,00",VUT
,2010,Industry,"84000000,00",VUT
,2017,Industry,"99000000,00",VUT
,2010,Manufacturing,"35000000,00",VUT
,2017,Manufacturing,"36000000,00",VUT
,2010,Services(value added),"0,00",VUT
,2017,Services(value added),"0,00",VUT
,2010,GDP,"393200000000,00",VEN
,2017,GDP,"0,00",VEN
,2010,Agriculture,"19660000000,00",VEN
,2017,Agriculture,"0,00",VEN
,2010,Industry,"188736000000,00",VEN
,2017,Industry,"0,00",VEN
,2010,Manufacturing,"47184000000,00",VEN
,2017,Manufacturing,"0,00",VEN
,2010,Services(value added),"153348000000,00",VEN
,2017,Services(value added),"0,00",VEN
,2010,GDP,"115900000000,00",VNM
,2017,GDP,"223900000000,00",VNM
,2010,Agriculture,"20862000000,00",VNM
,2017,Agriculture,"33585000000,00",VNM
,2010,Industry,"37088000000,00",VNM
,2017,Industry,"73887000000,00",VNM
,2010,Manufacturing,"15067000000,00",VNM
,2017,Manufacturing,"33585000000,00",VNM
,2010,Services(value added),"42767100000,00",VNM
,2017,Services(value added),"91575100000,00",VNM
,2010,GDP,"4300000000,00",U.S.
,2017,GDP,"3800000000,00",U.S.
,2010,Agriculture,"0,00",U.S.
,2017,Agriculture,"0,00",U.S.
,2010,Industry,"0,00",U.S.
,2017,Industry,"0,00",U.S.
,2010,Manufacturing,"0,00",U.S.
,2017,Manufacturing,"0,00",U.S.
,2010,Services(value added),"0,00",U.S.
,2017,Services(value added),"0,00",U.S.
,2010,GDP,"8900000000,00", West Bank and Gaza
,2017,GDP,"14500000000,00", West Bank and Gaza
,2010,Agriculture,"534000000,00", West Bank and Gaza
,2017,Agriculture,"435000000,00", West Bank and Gaza
,2010,Industry,"1780000000,00", West Bank and Gaza
,2017,Industry,"2900000000,00", West Bank and Gaza
,2010,Manufacturing,"1157000000,00", West Bank and Gaza
,2017,Manufacturing,"1595000000,00", West Bank and Gaza
,2010,Services(value added),"5420100000,00", West Bank and Gaza
,2017,Services(value added),"9193000000,00", West Bank and Gaza
,2010,GDP,"30900000000,00",YEM
,2017,GDP,"18200000000,00",YEM
,2010,Agriculture,"2472000000,00",YEM
,2017,Agriculture,"2912000000,00",YEM
,2010,Industry,"13596000000,00",YEM
,2017,Industry,"16562000000,00",YEM
,2010,Manufacturing,"2472000000,00",YEM
,2017,Manufacturing,"3276000000,00",YEM
,2010,Services(value added),"2224800000,00",YEM
,2017,Services(value added),"1729000000,00",YEM
,2010,GDP,"65956700000000,00", World
,2017,GDP,"80683800000000,00", World
,2010,Agriculture,"2638268000000,00", World
,2017,Agriculture,"3227352000000,00", World
,2010,Industry,"17808309000000,00", World
,2017,Industry,"20170950000000,00", World
,2010,Manufacturing,"10553072000000,00", World
,2017,Manufacturing,"12909408000000,00", World
,2010,Services(value added),"41750591100000,00", World
,2017,Services(value added),"52525153800000,00", World
,2010,GDP,"16943300000000,00", East Asia & Pacific
,2017,GDP,"23999300000000,00", East Asia & Pacific
,2010,Agriculture,"1016598000000,00", East Asia & Pacific
,2017,Agriculture,"1199965000000,00", East Asia & Pacific
,2010,Industry,"6099588000000,00", East Asia & Pacific
,2017,Industry,"8159762000000,00", East Asia & Pacific
,2010,Manufacturing,"4066392000000,00", East Asia & Pacific
,2017,Manufacturing,"5519839000000,00", East Asia & Pacific
,2010,Services(value added),"9640737700000,00", East Asia & Pacific
,2017,Services(value added),"14303582800000,00", East Asia & Pacific
,2010,GDP,"20919600000000,00", Europe & Central Asia
,2017,GDP,"21438500000000,00", Europe & Central Asia
,2010,Agriculture,"418392000000,00", Europe & Central Asia
,2017,Agriculture,"428770000000,00", Europe & Central Asia
,2010,Industry,"5020704000000,00", Europe & Central Asia
,2017,Industry,"4930855000000,00", Europe & Central Asia
,2010,Manufacturing,"2928744000000,00", Europe & Central Asia
,2017,Manufacturing,"3001390000000,00", Europe & Central Asia
,2010,Services(value added),"13409463600000,00", Europe & Central Asia
,2017,Services(value added),"13827832500000,00", Europe & Central Asia
,2010,GDP,"5341000000000,00", Latin America & Caribbean
,2017,GDP,"5954700000000,00", Latin America & Caribbean
,2010,Agriculture,"267050000000,00", Latin America & Caribbean
,2017,Agriculture,"297735000000,00", Latin America & Caribbean
,2010,Industry,"1548890000000,00", Latin America & Caribbean
,2017,Industry,"1429128000000,00", Latin America & Caribbean
,2010,Manufacturing,"747740000000,00", Latin America & Caribbean
,2017,Manufacturing,"714564000000,00", Latin America & Caribbean
,2010,Services(value added),"2969596000000,00", Latin America & Caribbean
,2017,Services(value added),"3620457600000,00", Latin America & Caribbean
,2010,GDP,"2767900000000,00", Middle East & North Africa
,2017,GDP,"3265700000000,00", Middle East & North Africa
,2010,Agriculture,"138395000000,00", Middle East & North Africa
,2017,Agriculture,"195942000000,00", Middle East & North Africa
,2010,Industry,"1328592000000,00", Middle East & North Africa
,2017,Industry,"1142995000000,00", Middle East & North Africa
,2010,Manufacturing,"304469000000,00", Middle East & North Africa
,2017,Manufacturing,"359227000000,00", Middle East & North Africa
,2010,Services(value added),"1187429100000,00", Middle East & North Africa
,2017,Services(value added),"1770009400000,00", Middle East & North Africa
,2010,GDP,"16583600000000,00", North America
,2017,GDP,"21050000000000,00", North America
,2010,Agriculture,"165836000000,00", North America
,2017,Agriculture,"210500000000,00", North America
,2010,Industry,"3316720000000,00", North America
,2017,Industry,"3999500000000,00", North America
,2010,Manufacturing,"1990032000000,00", North America
,2017,Manufacturing,"2526000000000,00", North America
,2010,Services(value added),"12454283600000,00", North America
,2017,Services(value added),"16208500000000,00", North America
,2010,GDP,"2042100000000,00", South Asia
,2017,GDP,"3291700000000,00", South Asia
,2010,Agriculture,"367578000000,00", South Asia
,2017,Agriculture,"526672000000,00", South Asia
,2010,Industry,"592209000000,00", South Asia
,2017,Industry,"822925000000,00", South Asia
,2010,Manufacturing,"326736000000,00", South Asia
,2017,Manufacturing,"493755000000,00", South Asia
,2010,Services(value added),"953660700000,00", South Asia
,2017,Services(value added),"1639266600000,00", South Asia
,2010,GDP,"1364300000000,00",SSA
,2017,GDP,"1648700000000,00",SSA
,2010,Agriculture,"231931000000,00",SSA
,2017,Agriculture,"263792000000,00",SSA
,2010,Industry,"354718000000,00",SSA
,2017,Industry,"379201000000,00",SSA
,2010,Manufacturing,"136430000000,00",SSA
,2017,Manufacturing,"164870000000,00",SSA
,2010,Services(value added),"705343100000,00",SSA
,2017,Services(value added),"877108400000,00",SSA
,2010,GDP,"384800000000,00", Low income
,2017,GDP,"549700000000,00", Low income
,2010,Agriculture,"107744000000,00", Low income
,2017,Agriculture,"142922000000,00", Low income
,2010,Industry,"84656000000,00", Low income
,2017,Industry,"164910000000,00", Low income
,2010,Manufacturing,"30784000000,00", Low income
,2017,Manufacturing,"49473000000,00", Low income
,2010,Services(value added),"152765600000,00", Low income
,2010,GDP,"4491500000000,00", Lower middle income
,2017,GDP,"6504200000000,00", Lower middle income
,2010,Agriculture,"763555000000,00", Lower middle income
,2017,Agriculture,"975630000000,00", Lower middle income
,2010,Industry,"1392365000000,00", Lower middle income
,2017,Industry,"1821176000000,00", Lower middle income
,2010,Manufacturing,"718640000000,00", Lower middle income
,2017,Manufacturing,"1040672000000,00", Lower middle income
,2010,Services(value added),"2102022000000,00", Lower middle income
,2017,Services(value added),"3226083200000,00", Lower middle income
,2010,GDP,"15362400000000,00", Upper middle income
,2017,GDP,"22168400000000,00", Upper middle income
,2010,Agriculture,"1075368000000,00", Upper middle income
,2017,Agriculture,"1330104000000,00", Upper middle income
,2010,Industry,"5837712000000,00", Upper middle income
,2017,Industry,"7315572000000,00", Upper middle income
,2010,Manufacturing,"3226104000000,00", Upper middle income
,2017,Manufacturing,"4655364000000,00", Upper middle income
,2010,Services(value added),"7681200000000,00", Upper middle income
,2017,Services(value added),"12325630400000,00", Upper middle income
,2010,GDP,"45719300000000,00", High income
,2017,GDP,"51475400000000,00", High income
,2010,Agriculture,"457193000000,00", High income
,2017,Agriculture,"514754000000,00", High income
,2010,Industry,"10972632000000,00", High income
,2017,Industry,"11839342000000,00", High income
,2010,Manufacturing,"6400702000000,00", High income
,2017,Manufacturing,"7206556000000,00", High income
,2010,Services(value added),"31500597700000,00", High income
,2017,Services(value added),"35826878400000,00", High income
SADC,2010,GDP,"82500000000,00",AGO
SADC,2017,GDP,"124200000000,00",AGO
SADC,2010,Agriculture,"0,00",AGO
SADC,2017,Agriculture,"0,00",AGO
SADC,2017,Industry,"0,00",AGO
SADC,2010,Manufacturing,"0,00",AGO
SADC,2017,Manufacturing,"0,00",AGO
SADC,2010,Services(value added),"0,00",AGO
SADC,2017,Services(value added),"0,00",AGO
SADC,2010,GDP,"12800000000,00",BWA
SADC,2017,GDP,"17400000000,00",BWA
SADC,2010,Agriculture,"256000000,00",BWA
SADC,2017,Agriculture,"348000000,00",BWA
SADC,2010,Industry,"4096000000,00",BWA
SADC,2017,Industry,"5220000000,00",BWA
SADC,2010,Manufacturing,"768000000,00",BWA
SADC,2017,Manufacturing,"870000000,00",BWA
SADC,2010,Services(value added),"6080000000,00",BWA
SADC,2017,Services(value added),"10213800000,00",BWA
SADC,2010,GDP,"21600000000,00",COD
SADC,2017,GDP,"37200000000,00",COD
SADC,2010,Agriculture,"4536000000,00",COD
SADC,2017,Agriculture,"7440000000,00",COD
SADC,2010,Industry,"8424000000,00",COD
SADC,2017,Industry,"15624000000,00",COD
SADC,2010,Manufacturing,"3456000000,00",COD
SADC,2017,Manufacturing,"7440000000,00",COD
SADC,2010,Services(value added),"7646400000,00",COD
SADC,2017,Services(value added),"12685200000,00",COD
SADC,2010,GDP,"2400000000,00",LSO
SADC,2017,GDP,"2600000000,00",LSO
SADC,2010,Agriculture,"120000000,00",LSO
SADC,2017,Agriculture,"130000000,00",LSO
SADC,2010,Industry,"720000000,00",LSO
SADC,2017,Industry,"858000000,00",LSO
SADC,2010,Manufacturing,"312000000,00",LSO
SADC,2017,Manufacturing,"416000000,00",LSO
SADC,2010,Services(value added),"1356000000,00",LSO
SADC,2017,Services(value added),"1367600000,00",LSO
SADC,2010,GDP,"8700000000,00",MDG
SADC,2017,GDP,"11500000000,00",MDG
SADC,2010,Agriculture,"2262000000,00",MDG
SADC,2017,Agriculture,"2415000000,00",MDG
SADC,2010,Industry,"1305000000,00",MDG
SADC,2017,Industry,"1955000000,00",MDG
SADC,2010,Manufacturing,"1131000000,00",MDG
SADC,2017,Manufacturing,"0,00",MDG
SADC,2010,Services(value added),"4471800000,00",MDG
SADC,2017,Services(value added),"5566000000,00",MDG
SADC,2010,GDP,"7000000000,00",MWI
SADC,2017,GDP,"6300000000,00",MWI
SADC,2010,Agriculture,"2100000000,00",MWI
SADC,2017,Agriculture,"1638000000,00",MWI
SADC,2010,Industry,"1050000000,00",MWI
SADC,2017,Industry,"882000000,00",MWI
SADC,2010,Manufacturing,"700000000,00",MWI
SADC,2017,Manufacturing,"567000000,00",MWI
SADC,2010,Services(value added),"3353000000,00",MWI
SADC,2017,Services(value added),"3301200000,00",MWI
SADC,2010,GDP,"10000000000,00",MUS
SADC,2017,GDP,"13300000000,00",MUS
SADC,2010,Agriculture,"400000000,00",MUS
SADC,2017,Agriculture,"399000000,00",MUS
SADC,2010,Industry,"2200000000,00",MUS
SADC,2017,Industry,"2394000000,00",MUS
SADC,2010,Manufacturing,"1400000000,00",MUS
SADC,2017,Manufacturing,"1596000000,00",MUS
SADC,2010,Services(value added),"6290000000,00",MUS
SADC,2017,Services(value added),"8897700000,00",MUS
SADC,2010,GDP,"10200000000,00",MOZ
SADC,2017,GDP,"12300000000,00",MOZ
SADC,2010,Agriculture,"2754000000,00",MOZ
SADC,2017,Agriculture,"2706000000,00",MOZ
SADC,2010,Industry,"1836000000,00",MOZ
SADC,2017,Industry,"2214000000,00",MOZ
SADC,2010,Manufacturing,"1020000000,00",MOZ
SADC,2017,Manufacturing,"1107000000,00",MOZ
SADC,2010,Services(value added),"5059200000,00",MOZ
SADC,2017,Services(value added),"6666600000,00",MOZ
SADC,2010,GDP,"11300000000,00",NAM
SADC,2017,GDP,"13200000000,00",NAM
SADC,2010,Agriculture,"1017000000,00",NAM
SADC,2017,Agriculture,"924000000,00",NAM
SADC,2010,Industry,"3164000000,00",NAM
SADC,2017,Industry,"3696000000,00",NAM
SADC,2010,Manufacturing,"1356000000,00",NAM
SADC,2017,Manufacturing,"1452000000,00",NAM
SADC,2010,Services(value added),"6463600000,00",NAM
SADC,2017,Services(value added),"7708800000,00",NAM
SADC,2010,GDP,"1000000000,00",SYC
SADC,2017,GDP,"1500000000,00",SYC
SADC,2010,Agriculture,"20000000,00",SYC
SADC,2017,Agriculture,"30000000,00",SYC
SADC,2010,Industry,"140000000,00",SYC
SADC,2017,Industry,"165000000,00",SYC
SADC,2010,Manufacturing,"80000000,00",SYC
SADC,2017,Manufacturing,"90000000,00",SYC
SADC,2010,Services(value added),"685000000,00",SYC
SADC,2017,Services(value added),"1065000000,00",SYC
SADC,2010,GDP,"375300000000,00",ZAF
SADC,2017,GDP,"349400000000,00",ZAF
SADC,2010,Agriculture,"7506000000,00",ZAF
SADC,2017,Agriculture,"6988000000,00",ZAF
SADC,2010,Industry,"101331000000,00",ZAF
SADC,2017,Industry,"90844000000,00",ZAF
SADC,2010,Manufacturing,"48789000000,00",ZAF
SADC,2017,Manufacturing,"41928000000,00",ZAF
SADC,2010,Services(value added),"228933000000,00",ZAF
SADC,2017,Services(value added),"214881000000,00",ZAF
SADC,2010,GDP,"4400000000,00",SWZ
SADC,2017,GDP,"4400000000,00",SWZ
SADC,2010,Agriculture,"440000000,00",SWZ
SADC,2017,Agriculture,"396000000,00",SWZ
SADC,2010,Industry,"1672000000,00",SWZ
SADC,2017,Industry,"1540000000,00",SWZ
SADC,2010,Manufacturing,"1452000000,00",SWZ
SADC,2017,Manufacturing,"1364000000,00",SWZ
SADC,2010,Services(value added),"2182400000,00",SWZ
SADC,2017,Services(value added),"2244000000,00",SWZ
SADC,2010,GDP,"31400000000,00",TZA
SADC,2017,GDP,"52100000000,00",TZA
SADC,2010,Agriculture,"9420000000,00",TZA
SADC,2017,Agriculture,"15630000000,00",TZA
SADC,2010,Industry,"6280000000,00",TZA
SADC,2017,Industry,"13546000000,00",TZA
SADC,2010,Manufacturing,"2198000000,00",TZA
SADC,2017,Manufacturing,"3126000000,00",TZA
SADC,2010,Services(value added),"13878800000,00",TZA
SADC,2017,Services(value added),"19537500000,00",TZA
SADC,2010,GDP,"20300000000,00",ZMB
SADC,2017,GDP,"25800000000,00",ZMB
SADC,2010,Agriculture,"1827000000,00",ZMB
SADC,2017,Agriculture,"1806000000,00",ZMB
SADC,2010,Industry,"6496000000,00",ZMB
SADC,2017,Industry,"9288000000,00",ZMB
SADC,2010,Manufacturing,"1624000000,00",ZMB
SADC,2017,Manufacturing,"2064000000,00",ZMB
SADC,2010,Services(value added),"10718400000,00",ZMB
SADC,2017,Services(value added),"13596600000,00",ZMB
SADC,2010,GDP,"10100000000,00",ZWE
SADC,2017,GDP,"17800000000,00",ZWE
SADC,2010,Agriculture,"1111000000,00",ZWE
SADC,2017,Agriculture,"1780000000,00",ZWE
SADC,2010,Industry,"2424000000,00",ZWE
SADC,2017,Industry,"3916000000,00",ZWE
SADC,2010,Manufacturing,"1111000000,00",ZWE
SADC,2017,Manufacturing,"1424000000,00",ZWE
SADC,2010,Services(value added),"5080300000,00",ZWE
SADC,2017,Services(value added),"10021400000,00",ZWE
